USE Dia4_Taller;

insert into sucursal (id_sucursal, ciudad, direccion, telefono_fijo, celular, correo_electronico) values (1, 'Sandefjord', '7 Schlimgen Terrace', '5658614694', '0930079876', 'eproudman0@boston.com');
insert into sucursal (id_sucursal, ciudad, direccion, telefono_fijo, celular, correo_electronico) values (2, 'Budapest', '6 American Ash Center', '5608858883', '7279324622', 'amcshea1@list-manage.com');
insert into sucursal (id_sucursal, ciudad, direccion, telefono_fijo, celular, correo_electronico) values (3, 'Raub', '05157 Declaration Circle', '9960478394', '1130935574', 'cphilson2@ibm.com');
insert into sucursal (id_sucursal, ciudad, direccion, telefono_fijo, celular, correo_electronico) values (4, 'Banjar Jambe Baleran', '28554 Kennedy Hill', '4713896039', '8902251039', 'estrathe3@pcworld.com');
insert into sucursal (id_sucursal, ciudad, direccion, telefono_fijo, celular, correo_electronico) values (5, 'Marcovia', '430 Harper Pass', '5853366513', '6142335903', 'targer4@clickbank.net');

insert into empleado (id_empleado, id_sucursal, cedula, nombres, apellidos, direccion, ciudad_residencia, celular, correo_electronico) values (1, 1, 'Shevels', 'galdersley0@vkontakte.ru', 'Aldersley', '75501 Coleman Hill', 'Uromi', '5896867115', 'taldersley0@com.com');
insert into empleado (id_empleado, id_sucursal, cedula, nombres, apellidos, direccion, ciudad_residencia, celular, correo_electronico) values (2, 2, 'Harry', 'cjurick1@mapquest.com', 'Jurick', '29364 Morning Terrace', 'Tayabamba', '8331724526', 'ljurick1@live.com');
insert into empleado (id_empleado, id_sucursal, cedula, nombres, apellidos, direccion, ciudad_residencia, celular, correo_electronico) values (3, 1, 'Beisley', 'bcolum2@bloglovin.com', 'Colum', '585 Meadow Ridge Lane', 'Machetá', '6493699231', 'jcolum2@jimdo.com');
insert into empleado (id_empleado, id_sucursal, cedula, nombres, apellidos, direccion, ciudad_residencia, celular, correo_electronico) values (4, 4, 'Markham', 'cpurselow3@unicef.org', 'Purselow', '3662 Bluestem Parkway', 'Tushi', '9088228973', 'cpurselow3@theatlantic.com');
insert into empleado (id_empleado, id_sucursal, cedula, nombres, apellidos, direccion, ciudad_residencia, celular, correo_electronico) values (5, 3, 'Cratere', 'miglesias4@sun.com', 'Iglesias', '47 Northview Court', 'Ardee', '3942069997', 'riglesias4@addtoany.com');
insert into empleado (id_empleado, id_sucursal, cedula, nombres, apellidos, direccion, ciudad_residencia, celular, correo_electronico) values (6, 3, 'Rosborough', 'vszymanowicz5@behance.net', 'Szymanowicz', '70909 Towne Circle', 'Mangochi', '6887673975', 'dszymanowicz5@wikipedia.org');
insert into empleado (id_empleado, id_sucursal, cedula, nombres, apellidos, direccion, ciudad_residencia, celular, correo_electronico) values (7, 5, 'Brumbie', 'idartan6@ftc.gov', 'Dartan', '42 Aberg Place', 'Chulabhorn', '6942278971', 'bdartan6@omniture.com');
insert into empleado (id_empleado, id_sucursal, cedula, nombres, apellidos, direccion, ciudad_residencia, celular, correo_electronico) values (8, 5, 'Storton', 'dfarrah7@adobe.com', 'Farrah', '5100 Fisk Crossing', 'Ampasimanolotra', '9822077912', 'gfarrah7@wired.com');
insert into empleado (id_empleado, id_sucursal, cedula, nombres, apellidos, direccion, ciudad_residencia, celular, correo_electronico) values (9, 4, 'Truluck', 'jlukovic8@cnn.com', 'Lukovic', '0 Victoria Alley', 'Mendefera', '8273936449', 'nlukovic8@aol.com');
insert into empleado (id_empleado, id_sucursal, cedula, nombres, apellidos, direccion, ciudad_residencia, celular, correo_electronico) values (10, 1, 'Muncer', 'gglyde9@plala.or.jp', 'Glyde', '311 Charing Cross Road', 'Donnacona', '2978228008', 'cglyde9@abc.net.au');
insert into empleado (id_empleado, id_sucursal, cedula, nombres, apellidos, direccion, ciudad_residencia, celular, correo_electronico) values (11, 5, 'Davidovich', 'swakemana@latimes.com', 'Wakeman', '71088 Monument Alley', 'San Antonio de Los Altos', '7604415628', 'nwakemana@washington.edu');
insert into empleado (id_empleado, id_sucursal, cedula, nombres, apellidos, direccion, ciudad_residencia, celular, correo_electronico) values (12, 2, 'Kleehuhler', 'lshaleb@dmoz.org', 'Shale', '8368 Charing Cross Street', 'Shamkhor', '7125371736', 'gshaleb@psu.edu');
insert into empleado (id_empleado, id_sucursal, cedula, nombres, apellidos, direccion, ciudad_residencia, celular, correo_electronico) values (13, 1, 'Stidworthy', 'ckikec@163.com', 'Kike', '644 Esch Park', 'Quangang', '4621297333', 'kkikec@i2i.jp');
insert into empleado (id_empleado, id_sucursal, cedula, nombres, apellidos, direccion, ciudad_residencia, celular, correo_electronico) values (14, 4, 'Lannin', 'ckettlestringed@tmall.com', 'Kettlestringe', '00 Namekagon Street', 'Le Grand-Quevilly', '1056089938', 'lkettlestringed@amazonaws.com');
insert into empleado (id_empleado, id_sucursal, cedula, nombres, apellidos, direccion, ciudad_residencia, celular, correo_electronico) values (15, 3, 'Tingey', 'saskere@buzzfeed.com', 'Asker', '70121 Pierstorff Terrace', 'Igreja', '4313859950', 'saskere@sogou.com');
insert into empleado (id_empleado, id_sucursal, cedula, nombres, apellidos, direccion, ciudad_residencia, celular, correo_electronico) values (16, 3, 'Huyghe', 'ablatchfordf@360.cn', 'Blatchford', '78534 Clarendon Hill', 'Hinigaran', '2505882754', 'pblatchfordf@ow.ly');
insert into empleado (id_empleado, id_sucursal, cedula, nombres, apellidos, direccion, ciudad_residencia, celular, correo_electronico) values (17, 3, 'Gavahan', 'ssigginsg@infoseek.co.jp', 'Siggins', '0399 Stang Park', 'Changfeng', '0591861593', 'msigginsg@dailymotion.com');
insert into empleado (id_empleado, id_sucursal, cedula, nombres, apellidos, direccion, ciudad_residencia, celular, correo_electronico) values (18, 1, 'Yea', 'cmacconnellh@google.ca', 'MacConnell', '898 Kenwood Road', 'Nowe Brzesko', '5776257646', 'nmacconnellh@paypal.com');
insert into empleado (id_empleado, id_sucursal, cedula, nombres, apellidos, direccion, ciudad_residencia, celular, correo_electronico) values (19, 1, 'Hanssmann', 'qtolossii@clickbank.net', 'Tolossi', '226 Hollow Ridge Terrace', 'Anuchino', '4274165213', 'ptolossii@yolasite.com');
insert into empleado (id_empleado, id_sucursal, cedula, nombres, apellidos, direccion, ciudad_residencia, celular, correo_electronico) values (20, 3, 'Sigg', 'rsunnucksj@abc.net.au', 'Sunnucks', '8304 Mcbride Park', 'Yuktae-dong', '8931134231', 'esunnucksj@weibo.com');
insert into empleado (id_empleado, id_sucursal, cedula, nombres, apellidos, direccion, ciudad_residencia, celular, correo_electronico) values (21, 4, 'Jellybrand', 'acoogank@joomla.org', 'Coogan', '8138 Marcy Drive', 'Xinzheng', '8855117637', 'bcoogank@ft.com');
insert into empleado (id_empleado, id_sucursal, cedula, nombres, apellidos, direccion, ciudad_residencia, celular, correo_electronico) values (22, 4, 'Claesens', 'nsatterfittl@scientificamerican.com', 'Satterfitt', '36 Helena Place', 'Smołdzino', '9312216821', 'csatterfittl@adobe.com');
insert into empleado (id_empleado, id_sucursal, cedula, nombres, apellidos, direccion, ciudad_residencia, celular, correo_electronico) values (23, 1, 'Walsom', 'fcavanm@histats.com', 'Cavan', '1534 Doe Crossing Plaza', 'Nove-Misto', '4043794959', 'ycavanm@bing.com');
insert into empleado (id_empleado, id_sucursal, cedula, nombres, apellidos, direccion, ciudad_residencia, celular, correo_electronico) values (24, 2, 'Trenear', 'cskyramn@howstuffworks.com', 'Skyram', '8 Gerald Avenue', 'Mosjøen', '9713858751', 'gskyramn@shinystat.com');
insert into empleado (id_empleado, id_sucursal, cedula, nombres, apellidos, direccion, ciudad_residencia, celular, correo_electronico) values (25, 3, 'Record', 'agullaneo@sakura.ne.jp', 'Gullane', '9 Nancy Center', 'Montijo', '7472393975', 'kgullaneo@guardian.co.uk');
insert into empleado (id_empleado, id_sucursal, cedula, nombres, apellidos, direccion, ciudad_residencia, celular, correo_electronico) values (26, 4, 'Smithson', 'bmageep@elpais.com', 'Magee', '148 International Road', 'Weicheng', '4042036139', 'mmageep@com.com');
insert into empleado (id_empleado, id_sucursal, cedula, nombres, apellidos, direccion, ciudad_residencia, celular, correo_electronico) values (27, 4, 'McLane', 'bklinerq@ocn.ne.jp', 'Kliner', '092 Elka Junction', 'Sant Julià de Lòria', '8843926594', 'pklinerq@umn.edu');
insert into empleado (id_empleado, id_sucursal, cedula, nombres, apellidos, direccion, ciudad_residencia, celular, correo_electronico) values (28, 2, 'Burth', 'llaethamr@goo.ne.jp', 'Laetham', '0589 Tony Circle', 'Arranhó', '3801931269', 'flaethamr@barnesandnoble.com');
insert into empleado (id_empleado, id_sucursal, cedula, nombres, apellidos, direccion, ciudad_residencia, celular, correo_electronico) values (29, 1, 'Clemenzo', 'bjanningss@list-manage.com', 'Jannings', '75 Sutteridge Junction', 'Braunschweig', '8131214850', 'ejanningss@barnesandnoble.com');
insert into empleado (id_empleado, id_sucursal, cedula, nombres, apellidos, direccion, ciudad_residencia, celular, correo_electronico) values (30, 3, 'Shatliff', 'vsuttyt@bing.com', 'Sutty', '3 Kenwood Way', 'Nyköping', '0677023677', 'nsuttyt@webmd.com');
insert into empleado (id_empleado, id_sucursal, cedula, nombres, apellidos, direccion, ciudad_residencia, celular, correo_electronico) values (31, 1, 'Kitchaside', 'akestellu@reuters.com', 'Kestell', '10 Nevada Alley', 'Storozhnytsya', '3560243076', 'akestellu@domainmarket.com');
insert into empleado (id_empleado, id_sucursal, cedula, nombres, apellidos, direccion, ciudad_residencia, celular, correo_electronico) values (32, 5, 'Ferson', 'pvasserv@paginegialle.it', 'Vasser', '1 Sauthoff Drive', 'Ţawr al Bāḩah', '3925893164', 'nvasserv@sakura.ne.jp');
insert into empleado (id_empleado, id_sucursal, cedula, nombres, apellidos, direccion, ciudad_residencia, celular, correo_electronico) values (33, 2, 'Bointon', 'pswainew@tamu.edu', 'Swaine', '851 3rd Street', 'Morrelgonj', '5353220447', 'kswainew@berkeley.edu');
insert into empleado (id_empleado, id_sucursal, cedula, nombres, apellidos, direccion, ciudad_residencia, celular, correo_electronico) values (34, 3, 'Arrell', 'abrazenorx@rediff.com', 'Brazenor', '4 Pennsylvania Center', 'Sandaoba', '7328434090', 'abrazenorx@usgs.gov');
insert into empleado (id_empleado, id_sucursal, cedula, nombres, apellidos, direccion, ciudad_residencia, celular, correo_electronico) values (35, 3, 'Jamme', 'gbeesey@va.gov', 'Beese', '663 Novick Circle', 'Forino', '9072772962', 'cbeesey@indiatimes.com');
insert into empleado (id_empleado, id_sucursal, cedula, nombres, apellidos, direccion, ciudad_residencia, celular, correo_electronico) values (36, 2, 'Jouanet', 'tpriestnerz@networkadvertising.org', 'Priestner', '46813 Annamark Road', 'Gur’yevsk', '3850712257', 'jpriestnerz@soundcloud.com');
insert into empleado (id_empleado, id_sucursal, cedula, nombres, apellidos, direccion, ciudad_residencia, celular, correo_electronico) values (37, 1, 'Udie', 'fobell10@soundcloud.com', 'Obell', '35315 Pankratz Plaza', 'Sundsvall', '5828734202', 'tobell10@tumblr.com');
insert into empleado (id_empleado, id_sucursal, cedula, nombres, apellidos, direccion, ciudad_residencia, celular, correo_electronico) values (38, 2, 'Jansky', 'ahanscom11@photobucket.com', 'Hanscom', '75 Jana Place', 'Yeri', '0994859104', 'ahanscom11@liveinternet.ru');
insert into empleado (id_empleado, id_sucursal, cedula, nombres, apellidos, direccion, ciudad_residencia, celular, correo_electronico) values (39, 5, 'Paye', 'sfranchyonok12@cbslocal.com', 'Franchyonok', '181 Bayside Pass', 'Skibbereen', '4583175752', 'nfranchyonok12@w3.org');
insert into empleado (id_empleado, id_sucursal, cedula, nombres, apellidos, direccion, ciudad_residencia, celular, correo_electronico) values (40, 4, 'Clulow', 'emanketell13@umich.edu', 'Manketell', '4 Towne Lane', 'Didi Lilo', '2186772906', 'gmanketell13@cyberchimps.com');
insert into empleado (id_empleado, id_sucursal, cedula, nombres, apellidos, direccion, ciudad_residencia, celular, correo_electronico) values (41, 3, 'Newtown', 'aewin14@theguardian.com', 'Ewin', '939 Sloan Place', 'Chenzhuang', '9365296897', 'iewin14@4shared.com');
insert into empleado (id_empleado, id_sucursal, cedula, nombres, apellidos, direccion, ciudad_residencia, celular, correo_electronico) values (42, 3, 'Milroy', 'dstrode15@sina.com.cn', 'Strode', '69 Arapahoe Parkway', 'Lewobelek', '8474089719', 'dstrode15@ow.ly');
insert into empleado (id_empleado, id_sucursal, cedula, nombres, apellidos, direccion, ciudad_residencia, celular, correo_electronico) values (43, 3, 'Welbeck', 'chebble16@unesco.org', 'Hebble', '575 Pine View Alley', 'Laiguangying', '6941403594', 'rhebble16@time.com');
insert into empleado (id_empleado, id_sucursal, cedula, nombres, apellidos, direccion, ciudad_residencia, celular, correo_electronico) values (44, 4, 'Bondesen', 'ldast17@ebay.co.uk', 'Dast', '87143 South Lane', 'Saint-Priest', '6651488058', 'bdast17@youku.com');
insert into empleado (id_empleado, id_sucursal, cedula, nombres, apellidos, direccion, ciudad_residencia, celular, correo_electronico) values (45, 1, 'Campkin', 'dsmurfit18@liveinternet.ru', 'Smurfit', '3066 Donald Terrace', 'Osilnica', '5519718296', 'esmurfit18@nih.gov');
insert into empleado (id_empleado, id_sucursal, cedula, nombres, apellidos, direccion, ciudad_residencia, celular, correo_electronico) values (46, 1, 'Render', 'mberridge19@wordpress.com', 'Berridge', '14172 Texas Terrace', 'Ndofane', '5636024401', 'aberridge19@youtu.be');
insert into empleado (id_empleado, id_sucursal, cedula, nombres, apellidos, direccion, ciudad_residencia, celular, correo_electronico) values (47, 3, 'Gasnell', 'tdooland1a@home.pl', 'Dooland', '2564 Ronald Regan Road', 'Luofang', '6166033877', 'kdooland1a@tamu.edu');
insert into empleado (id_empleado, id_sucursal, cedula, nombres, apellidos, direccion, ciudad_residencia, celular, correo_electronico) values (48, 2, 'Gainsborough', 'aashwin1b@jimdo.com', 'Ashwin', '2964 Starling Way', 'Nakhchivan', '3241619389', 'bashwin1b@mtv.com');
insert into empleado (id_empleado, id_sucursal, cedula, nombres, apellidos, direccion, ciudad_residencia, celular, correo_electronico) values (49, 1, 'Greaves', 'gtink1c@imgur.com', 'Tink', '86954 Scoville Way', 'San Antonio', '9652138924', 'ztink1c@ask.com');
insert into empleado (id_empleado, id_sucursal, cedula, nombres, apellidos, direccion, ciudad_residencia, celular, correo_electronico) values (50, 3, 'Ransome', 'mwalklate1d@businessweek.com', 'Walklate', '27 Shoshone Crossing', 'Yeşilköy', '9980239751', 'jwalklate1d@census.gov');
insert into empleado (id_empleado, id_sucursal, cedula, nombres, apellidos, direccion, ciudad_residencia, celular, correo_electronico) values (51, 1, 'Carslake', 'jbeedon1e@google.ru', 'Beedon', '18957 Morningstar Center', 'Yushanpu', '8789729986', 'tbeedon1e@friendfeed.com');
insert into empleado (id_empleado, id_sucursal, cedula, nombres, apellidos, direccion, ciudad_residencia, celular, correo_electronico) values (52, 5, 'Guerreau', 'hgill1f@tinypic.com', 'Gill', '1 Randy Crossing', 'Juḩr ad Dīk', '5021057324', 'egill1f@php.net');
insert into empleado (id_empleado, id_sucursal, cedula, nombres, apellidos, direccion, ciudad_residencia, celular, correo_electronico) values (53, 1, 'Dunford', 'dzamudio1g@java.com', 'Zamudio', '49 Grover Crossing', 'Tanjungbalai', '8769407789', 'czamudio1g@weebly.com');
insert into empleado (id_empleado, id_sucursal, cedula, nombres, apellidos, direccion, ciudad_residencia, celular, correo_electronico) values (54, 5, 'Tibb', 'jskeeles1h@pinterest.com', 'Skeeles', '178 Nevada Alley', 'Muting', '9645582431', 'kskeeles1h@storify.com');
insert into empleado (id_empleado, id_sucursal, cedula, nombres, apellidos, direccion, ciudad_residencia, celular, correo_electronico) values (55, 4, 'Matthessen', 'ajanko1i@businessweek.com', 'Janko', '3761 Dapin Center', 'Cicurug', '2981382578', 'sjanko1i@admin.ch');
insert into empleado (id_empleado, id_sucursal, cedula, nombres, apellidos, direccion, ciudad_residencia, celular, correo_electronico) values (56, 2, 'Doran', 'jspinas1j@infoseek.co.jp', 'Spinas', '9 Ryan Court', 'Xinhang', '6388087019', 'cspinas1j@msn.com');
insert into empleado (id_empleado, id_sucursal, cedula, nombres, apellidos, direccion, ciudad_residencia, celular, correo_electronico) values (57, 4, 'Plunkett', 'awarlawe1k@plala.or.jp', 'Warlawe', '7898 Hanover Avenue', 'Campos do Jordão', '3874467945', 'kwarlawe1k@webnode.com');
insert into empleado (id_empleado, id_sucursal, cedula, nombres, apellidos, direccion, ciudad_residencia, celular, correo_electronico) values (58, 1, 'Haldon', 'nmcgenn1l@e-recht24.de', 'McGenn', '3 Fordem Street', 'Pader Palwo', '1570607486', 'pmcgenn1l@nytimes.com');
insert into empleado (id_empleado, id_sucursal, cedula, nombres, apellidos, direccion, ciudad_residencia, celular, correo_electronico) values (59, 5, 'Daskiewicz', 'eekkel1m@ox.ac.uk', 'Ekkel', '61349 Mosinee Circle', 'Seremban', '6084991696', 'fekkel1m@nih.gov');
insert into empleado (id_empleado, id_sucursal, cedula, nombres, apellidos, direccion, ciudad_residencia, celular, correo_electronico) values (60, 5, 'Clemenzo', 'iflinders1n@mtv.com', 'Flinders', '787 Cherokee Terrace', 'Zarichne', '0632156147', 'bflinders1n@omniture.com');
insert into empleado (id_empleado, id_sucursal, cedula, nombres, apellidos, direccion, ciudad_residencia, celular, correo_electronico) values (61, 2, 'Seniour', 'rgoodredge1o@blogspot.com', 'Goodredge', '313 Fairfield Road', 'Hưng Yên', '1306285089', 'dgoodredge1o@irs.gov');
insert into empleado (id_empleado, id_sucursal, cedula, nombres, apellidos, direccion, ciudad_residencia, celular, correo_electronico) values (62, 1, 'Witchell', 'ngreeno1p@bbc.co.uk', 'Greeno', '46355 Elka Circle', 'Qutun', '1557019541', 'pgreeno1p@yahoo.co.jp');
insert into empleado (id_empleado, id_sucursal, cedula, nombres, apellidos, direccion, ciudad_residencia, celular, correo_electronico) values (63, 3, 'Waring', 'bcurrao1q@ted.com', 'Currao', '78 Continental Way', 'Kristiansand S', '2595335251', 'lcurrao1q@bandcamp.com');
insert into empleado (id_empleado, id_sucursal, cedula, nombres, apellidos, direccion, ciudad_residencia, celular, correo_electronico) values (64, 4, 'Costain', 'drobley1r@mac.com', 'Robley', '78 Declaration Point', 'Danville', '7630075073', 'irobley1r@php.net');
insert into empleado (id_empleado, id_sucursal, cedula, nombres, apellidos, direccion, ciudad_residencia, celular, correo_electronico) values (65, 1, 'Turle', 'ggumme1s@patch.com', 'Gumme', '72756 Sachs Avenue', 'Alegria', '1031163972', 'bgumme1s@google.co.uk');
insert into empleado (id_empleado, id_sucursal, cedula, nombres, apellidos, direccion, ciudad_residencia, celular, correo_electronico) values (66, 5, 'Moores', 'gpringer1t@freewebs.com', 'Pringer', '7 Farragut Parkway', 'Itzig', '8464868103', 'upringer1t@comcast.net');
insert into empleado (id_empleado, id_sucursal, cedula, nombres, apellidos, direccion, ciudad_residencia, celular, correo_electronico) values (67, 2, 'Wateridge', 'kthomazet1u@uol.com.br', 'Thomazet', '1621 Golden Leaf Street', 'Charlotte', '4369791375', 'kthomazet1u@ifeng.com');
insert into empleado (id_empleado, id_sucursal, cedula, nombres, apellidos, direccion, ciudad_residencia, celular, correo_electronico) values (68, 4, 'Jarred', 'iharborow1v@sphinn.com', 'Harborow', '0 Rowland Park', 'Linköping', '4433179930', 'tharborow1v@statcounter.com');
insert into empleado (id_empleado, id_sucursal, cedula, nombres, apellidos, direccion, ciudad_residencia, celular, correo_electronico) values (69, 2, 'Valde', 'fgabey1w@reddit.com', 'Gabey', '14231 Susan Junction', 'Pantai Ceuremen', '1400455146', 'bgabey1w@amazon.co.uk');
insert into empleado (id_empleado, id_sucursal, cedula, nombres, apellidos, direccion, ciudad_residencia, celular, correo_electronico) values (70, 5, 'Chatelot', 'lhapps1x@illinois.edu', 'Happs', '98 Clyde Gallagher Avenue', 'Saint-Germain-en-Laye', '2670031609', 'vhapps1x@deviantart.com');
insert into empleado (id_empleado, id_sucursal, cedula, nombres, apellidos, direccion, ciudad_residencia, celular, correo_electronico) values (71, 2, 'Champneys', 'sclaringbold1y@google.ca', 'Claringbold', '5 High Crossing Lane', 'Hněvotín', '1469028611', 'hclaringbold1y@list-manage.com');
insert into empleado (id_empleado, id_sucursal, cedula, nombres, apellidos, direccion, ciudad_residencia, celular, correo_electronico) values (72, 2, 'Crosetto', 'rbarnardo1z@house.gov', 'Barnardo', '3 Moulton Street', 'Dobryanka', '4221932554', 'cbarnardo1z@wix.com');
insert into empleado (id_empleado, id_sucursal, cedula, nombres, apellidos, direccion, ciudad_residencia, celular, correo_electronico) values (73, 3, 'Plevin', 'lreignould20@marriott.com', 'Reignould', '6 Service Terrace', 'Göteborg', '7137817998', 'sreignould20@wiley.com');
insert into empleado (id_empleado, id_sucursal, cedula, nombres, apellidos, direccion, ciudad_residencia, celular, correo_electronico) values (74, 1, 'Rafferty', 'wcrix21@oracle.com', 'Crix', '29 Mesta Lane', 'Lewoluo', '6492499352', 'bcrix21@symantec.com');
insert into empleado (id_empleado, id_sucursal, cedula, nombres, apellidos, direccion, ciudad_residencia, celular, correo_electronico) values (75, 4, 'Eliassen', 'cunion22@etsy.com', 'Union', '1 Oak Valley Center', 'San Ramon', '8321012949', 'aunion22@baidu.com');
insert into empleado (id_empleado, id_sucursal, cedula, nombres, apellidos, direccion, ciudad_residencia, celular, correo_electronico) values (76, 5, 'Petken', 'ballery23@friendfeed.com', 'Allery', '418 Meadow Vale Parkway', 'Oslo', '8340577697', 'sallery23@illinois.edu');
insert into empleado (id_empleado, id_sucursal, cedula, nombres, apellidos, direccion, ciudad_residencia, celular, correo_electronico) values (77, 1, 'Featherstonhaugh', 'bwinterborne24@theglobeandmail.com', 'Winterborne', '693 Sunbrook Park', 'Vila Nova', '9249641028', 'cwinterborne24@cdbaby.com');
insert into empleado (id_empleado, id_sucursal, cedula, nombres, apellidos, direccion, ciudad_residencia, celular, correo_electronico) values (78, 2, 'L''argent', 'hbanghe25@disqus.com', 'Banghe', '353 Steensland Drive', 'Gerdu', '6549452333', 'cbanghe25@cafepress.com');
insert into empleado (id_empleado, id_sucursal, cedula, nombres, apellidos, direccion, ciudad_residencia, celular, correo_electronico) values (79, 4, 'Bygreaves', 'cobispo26@unblog.fr', 'Obispo', '2 Northport Junction', 'Kelburn', '8262960904', 'tobispo26@msn.com');
insert into empleado (id_empleado, id_sucursal, cedula, nombres, apellidos, direccion, ciudad_residencia, celular, correo_electronico) values (80, 1, 'Bertson', 'mwhitlow27@wordpress.com', 'Whitlow', '736 Independence Junction', 'Göteborg', '7434828587', 'jwhitlow27@geocities.jp');
insert into empleado (id_empleado, id_sucursal, cedula, nombres, apellidos, direccion, ciudad_residencia, celular, correo_electronico) values (81, 3, 'Denecamp', 'cangeau28@miitbeian.gov.cn', 'Angeau', '2 Cascade Park', 'Linglu', '4367971163', 'dangeau28@imgur.com');
insert into empleado (id_empleado, id_sucursal, cedula, nombres, apellidos, direccion, ciudad_residencia, celular, correo_electronico) values (82, 3, 'Britner', 'aspenley29@wikimedia.org', 'Spenley', '8054 North Terrace', 'Yangirabot', '0305277804', 'cspenley29@reference.com');
insert into empleado (id_empleado, id_sucursal, cedula, nombres, apellidos, direccion, ciudad_residencia, celular, correo_electronico) values (83, 2, 'Karlmann', 'lwynett2a@redcross.org', 'Wynett', '4599 Kennedy Trail', 'Vozuća', '0208373098', 'lwynett2a@ezinearticles.com');
insert into empleado (id_empleado, id_sucursal, cedula, nombres, apellidos, direccion, ciudad_residencia, celular, correo_electronico) values (84, 2, 'Miall', 'rtumulty2b@opensource.org', 'Tumulty', '7 Thierer Junction', 'Rayevskiy', '7653978541', 'gtumulty2b@instagram.com');
insert into empleado (id_empleado, id_sucursal, cedula, nombres, apellidos, direccion, ciudad_residencia, celular, correo_electronico) values (85, 4, 'Vermer', 'lmoncaster2c@cbslocal.com', 'Moncaster', '87698 Cottonwood Street', 'Lučko', '2359833308', 'gmoncaster2c@networkadvertising.org');
insert into empleado (id_empleado, id_sucursal, cedula, nombres, apellidos, direccion, ciudad_residencia, celular, correo_electronico) values (86, 3, 'Bows', 'rmorstatt2d@tinypic.com', 'Morstatt', '04390 Anderson Alley', 'Toulouse', '6642907124', 'gmorstatt2d@dmoz.org');
insert into empleado (id_empleado, id_sucursal, cedula, nombres, apellidos, direccion, ciudad_residencia, celular, correo_electronico) values (87, 3, 'Menezes', 'aingliss2e@webeden.co.uk', 'Ingliss', '19142 Clyde Gallagher Center', 'Porangatu', '4549508620', 'dingliss2e@wired.com');
insert into empleado (id_empleado, id_sucursal, cedula, nombres, apellidos, direccion, ciudad_residencia, celular, correo_electronico) values (88, 1, 'Harrower', 'ckittiman2f@reuters.com', 'Kittiman', '6 Heffernan Place', 'Budy', '9418309823', 'ckittiman2f@who.int');
insert into empleado (id_empleado, id_sucursal, cedula, nombres, apellidos, direccion, ciudad_residencia, celular, correo_electronico) values (89, 2, 'Hurt', 'kjackalin2g@noaa.gov', 'Jackalin', '7 Everett Hill', 'Shigu', '0883211769', 'yjackalin2g@gravatar.com');
insert into empleado (id_empleado, id_sucursal, cedula, nombres, apellidos, direccion, ciudad_residencia, celular, correo_electronico) values (90, 2, 'Getcliffe', 'wlebell2h@123-reg.co.uk', 'Lebell', '84 Heffernan Trail', 'Sishan', '5884931948', 'wlebell2h@odnoklassniki.ru');
insert into empleado (id_empleado, id_sucursal, cedula, nombres, apellidos, direccion, ciudad_residencia, celular, correo_electronico) values (91, 3, 'Dannett', 'dklempke2i@pcworld.com', 'Klempke', '5 Comanche Hill', 'San Jose', '1290927138', 'rklempke2i@gmpg.org');
insert into empleado (id_empleado, id_sucursal, cedula, nombres, apellidos, direccion, ciudad_residencia, celular, correo_electronico) values (92, 4, 'Crossland', 'ifeakins2j@usa.gov', 'Feakins', '20434 Prairieview Point', 'Rancho Viejo', '9114978733', 'jfeakins2j@cafepress.com');
insert into empleado (id_empleado, id_sucursal, cedula, nombres, apellidos, direccion, ciudad_residencia, celular, correo_electronico) values (93, 5, 'Nestle', 'sdarbey2k@bluehost.com', 'Darbey', '20780 Jackson Junction', 'Angasmarca', '4105254782', 'sdarbey2k@businesswire.com');
insert into empleado (id_empleado, id_sucursal, cedula, nombres, apellidos, direccion, ciudad_residencia, celular, correo_electronico) values (94, 2, 'Wysome', 'shanrott2l@opensource.org', 'Hanrott', '6696 Fuller Hill', 'Zagazig', '7305783897', 'jhanrott2l@prlog.org');
insert into empleado (id_empleado, id_sucursal, cedula, nombres, apellidos, direccion, ciudad_residencia, celular, correo_electronico) values (95, 5, 'Groundwater', 'sangier2m@google.it', 'Angier', '0766 Kennedy Crossing', 'La Soledad', '7186109292', 'gangier2m@dedecms.com');
insert into empleado (id_empleado, id_sucursal, cedula, nombres, apellidos, direccion, ciudad_residencia, celular, correo_electronico) values (96, 1, 'Readings', 'rwedgbrow2n@elegantthemes.com', 'Wedgbrow', '9432 Warbler Court', 'La Dorada', '7324777783', 'awedgbrow2n@ted.com');
insert into empleado (id_empleado, id_sucursal, cedula, nombres, apellidos, direccion, ciudad_residencia, celular, correo_electronico) values (97, 2, 'Miners', 'ldibbs2o@yale.edu', 'Dibbs', '9 Village Green Terrace', 'Rembes', '9034632458', 'idibbs2o@miitbeian.gov.cn');
insert into empleado (id_empleado, id_sucursal, cedula, nombres, apellidos, direccion, ciudad_residencia, celular, correo_electronico) values (98, 3, 'Lancley', 'dgallafant2p@cbsnews.com', 'Gallafant', '12 Northfield Crossing', 'Vuzenica', '4058585153', 'sgallafant2p@ucsd.edu');
insert into empleado (id_empleado, id_sucursal, cedula, nombres, apellidos, direccion, ciudad_residencia, celular, correo_electronico) values (99, 1, 'Shervil', 'bkittow2q@cornell.edu', 'Kittow', '4 Northridge Drive', 'Aba', '8745745986', 'fkittow2q@ucoz.com');
insert into empleado (id_empleado, id_sucursal, cedula, nombres, apellidos, direccion, ciudad_residencia, celular, correo_electronico) values (100, 3, 'Dollard', 'ncolombier2r@tumblr.com', 'Colombier', '1 Hoffman Drive', 'Hamakita', '1354866770', 'gcolombier2r@japanpost.jp');

insert into cliente (id_cliente, cedula, nombres, apellidos, direccion, ciudad_residencia, celular, correo_electronico) values (1, '5366179564', 'Brett', 'Missen', '2818 Mitchell Place', 'Ágios Andréas', '6368301058', 'bmissen0@bizjournals.com');
insert into cliente (id_cliente, cedula, nombres, apellidos, direccion, ciudad_residencia, celular, correo_electronico) values (2, '8523826866', 'Martin', 'Wards', '7227 Tennyson Lane', 'Ingarö', '5181102867', 'mwards1@businessinsider.com');
insert into cliente (id_cliente, cedula, nombres, apellidos, direccion, ciudad_residencia, celular, correo_electronico) values (3, '7509173590', 'Berget', 'Coaster', '223 Straubel Terrace', 'Ban Bueng', '5564920880', 'bcoaster2@upenn.edu');
insert into cliente (id_cliente, cedula, nombres, apellidos, direccion, ciudad_residencia, celular, correo_electronico) values (4, '3286155225', 'Kippar', 'Joao', '639 Independence Crossing', 'Shixi', '4527977628', 'kjoao3@si.edu');
insert into cliente (id_cliente, cedula, nombres, apellidos, direccion, ciudad_residencia, celular, correo_electronico) values (5, '2823820426', 'Rafaelia', 'Camoys', '43971 Clemons Center', 'Bobrovka', '7028852792', 'rcamoys4@istockphoto.com');
insert into cliente (id_cliente, cedula, nombres, apellidos, direccion, ciudad_residencia, celular, correo_electronico) values (6, '2320468471', 'Eward', 'Lambol', '52020 Chive Circle', 'Tando Muhammad Khān', '2296641709', 'elambol5@livejournal.com');
insert into cliente (id_cliente, cedula, nombres, apellidos, direccion, ciudad_residencia, celular, correo_electronico) values (7, '5894588871', 'Paulo', 'Belfelt', '97292 6th Court', 'Järfälla', '7874661753', 'pbelfelt6@oaic.gov.au');
insert into cliente (id_cliente, cedula, nombres, apellidos, direccion, ciudad_residencia, celular, correo_electronico) values (8, '9165660382', 'Broderic', 'Horley', '2 Hazelcrest Avenue', 'Mosul', '0593041216', 'bhorley7@wordpress.org');
insert into cliente (id_cliente, cedula, nombres, apellidos, direccion, ciudad_residencia, celular, correo_electronico) values (9, '8133212545', 'Dominic', 'Pietersen', '61 Crest Line Junction', 'Trenggulunan', '3591133205', 'dpietersen8@va.gov');
insert into cliente (id_cliente, cedula, nombres, apellidos, direccion, ciudad_residencia, celular, correo_electronico) values (10, '2840113473', 'Zitella', 'Isaak', '31004 Mitchell Place', 'Jinping', '2835619313', 'zisaak9@shareasale.com');
insert into cliente (id_cliente, cedula, nombres, apellidos, direccion, ciudad_residencia, celular, correo_electronico) values (11, '2043480057', 'Anastassia', 'Chuter', '542 Forster Court', 'Xinjie', '9097831687', 'achutera@mozilla.org');
insert into cliente (id_cliente, cedula, nombres, apellidos, direccion, ciudad_residencia, celular, correo_electronico) values (12, '1765571049', 'Towney', 'Tocqueville', '4673 Novick Circle', 'Argostólion', '3629094716', 'ttocquevilleb@rambler.ru');
insert into cliente (id_cliente, cedula, nombres, apellidos, direccion, ciudad_residencia, celular, correo_electronico) values (13, '6006448955', 'Michel', 'Alfonsetti', '48 Hoffman Plaza', 'Rancagua', '5334155309', 'malfonsettic@pbs.org');
insert into cliente (id_cliente, cedula, nombres, apellidos, direccion, ciudad_residencia, celular, correo_electronico) values (14, '1680410067', 'Orelle', 'Ferrick', '7 Loomis Point', 'Chikushino-shi', '3118265205', 'oferrickd@paginegialle.it');
insert into cliente (id_cliente, cedula, nombres, apellidos, direccion, ciudad_residencia, celular, correo_electronico) values (15, '4347542496', 'Robinet', 'Treanor', '9 Eggendart Trail', 'Nekhayevskiy', '6653072398', 'rtreanore@accuweather.com');
insert into cliente (id_cliente, cedula, nombres, apellidos, direccion, ciudad_residencia, celular, correo_electronico) values (16, '9550943658', 'Nikolas', 'Bramsen', '175 Scofield Lane', 'Yessentuki', '5010041227', 'nbramsenf@msu.edu');
insert into cliente (id_cliente, cedula, nombres, apellidos, direccion, ciudad_residencia, celular, correo_electronico) values (17, '8085509644', 'Cally', 'Quare', '4 Rockefeller Court', 'Wichita', '6630098358', 'cquareg@symantec.com');
insert into cliente (id_cliente, cedula, nombres, apellidos, direccion, ciudad_residencia, celular, correo_electronico) values (18, '2055794396', 'Leandra', 'Hunnam', '1 David Parkway', 'Mojogajeh', '1324189320', 'lhunnamh@linkedin.com');
insert into cliente (id_cliente, cedula, nombres, apellidos, direccion, ciudad_residencia, celular, correo_electronico) values (19, '8999906450', 'Dore', 'O'' Shea', '538 Packers Avenue', 'Gastoúni', '6661169915', 'dosheai@msu.edu');
insert into cliente (id_cliente, cedula, nombres, apellidos, direccion, ciudad_residencia, celular, correo_electronico) values (20, '7133532085', 'Cristian', 'Longo', '9321 Lakeland Point', 'Cagwait', '5399239280', 'clongoj@newsvine.com');
insert into cliente (id_cliente, cedula, nombres, apellidos, direccion, ciudad_residencia, celular, correo_electronico) values (21, '4765125025', 'Orren', 'O''Lagen', '10688 Melody Place', 'Lañgub', '9474989664', 'oolagenk@latimes.com');
insert into cliente (id_cliente, cedula, nombres, apellidos, direccion, ciudad_residencia, celular, correo_electronico) values (22, '8872535107', 'Imogen', 'Stinton', '88686 Scoville Hill', 'Santa Fe', '7875479673', 'istintonl@shop-pro.jp');
insert into cliente (id_cliente, cedula, nombres, apellidos, direccion, ciudad_residencia, celular, correo_electronico) values (23, '4230659148', 'Carlina', 'Leaning', '32 Di Loreto Way', 'Mahanoro', '9883500823', 'cleaningm@quantcast.com');
insert into cliente (id_cliente, cedula, nombres, apellidos, direccion, ciudad_residencia, celular, correo_electronico) values (24, '7136152178', 'Katharyn', 'Paine', '8 Schurz Terrace', 'Sarāvān', '3405390060', 'kpainen@webnode.com');
insert into cliente (id_cliente, cedula, nombres, apellidos, direccion, ciudad_residencia, celular, correo_electronico) values (25, '6279414558', 'Gelya', 'Besnard', '3600 Arkansas Pass', 'Pakel', '8319795214', 'gbesnardo@homestead.com');
insert into cliente (id_cliente, cedula, nombres, apellidos, direccion, ciudad_residencia, celular, correo_electronico) values (26, '2586269004', 'Maxie', 'Stuchberry', '4 Nobel Plaza', 'Iznoski', '5712015609', 'mstuchberryp@nba.com');
insert into cliente (id_cliente, cedula, nombres, apellidos, direccion, ciudad_residencia, celular, correo_electronico) values (27, '9413110409', 'Celie', 'Caulder', '768 Debra Court', 'Taishang', '8188573418', 'ccaulderq@prnewswire.com');
insert into cliente (id_cliente, cedula, nombres, apellidos, direccion, ciudad_residencia, celular, correo_electronico) values (28, '7598700419', 'Sylvester', 'Mellonby', '5 Moulton Plaza', 'Garibaldi', '3771798221', 'smellonbyr@vinaora.com');
insert into cliente (id_cliente, cedula, nombres, apellidos, direccion, ciudad_residencia, celular, correo_electronico) values (29, '7444168997', 'Siobhan', 'Dies', '2706 Arizona Avenue', 'Gimry', '9720809094', 'sdiess@state.tx.us');
insert into cliente (id_cliente, cedula, nombres, apellidos, direccion, ciudad_residencia, celular, correo_electronico) values (30, '4246902314', 'Vere', 'Brolechan', '07 Westridge Court', 'Kilcullen', '2573306577', 'vbrolechant@blogspot.com');
insert into cliente (id_cliente, cedula, nombres, apellidos, direccion, ciudad_residencia, celular, correo_electronico) values (31, '5479455400', 'Cathe', 'Schoenrock', '08749 Beilfuss Drive', 'Besuki Dua', '9804703254', 'cschoenrocku@skype.com');
insert into cliente (id_cliente, cedula, nombres, apellidos, direccion, ciudad_residencia, celular, correo_electronico) values (32, '7888288057', 'Maris', 'Helliker', '23 Kinsman Point', 'Phù Mỹ', '6153505538', 'mhellikerv@hatena.ne.jp');
insert into cliente (id_cliente, cedula, nombres, apellidos, direccion, ciudad_residencia, celular, correo_electronico) values (33, '2560119102', 'Toddie', 'Snelle', '23163 3rd Way', 'Garahan', '8928901790', 'tsnellew@blogspot.com');
insert into cliente (id_cliente, cedula, nombres, apellidos, direccion, ciudad_residencia, celular, correo_electronico) values (34, '8274579046', 'Chadd', 'Keymer', '31592 Hermina Pass', 'Miedzichowo', '7353996137', 'ckeymerx@ucoz.ru');
insert into cliente (id_cliente, cedula, nombres, apellidos, direccion, ciudad_residencia, celular, correo_electronico) values (35, '6746390187', 'Liuka', 'Kleeborn', '433 Rockefeller Trail', 'Jihui', '3163263496', 'lkleeborny@topsy.com');
insert into cliente (id_cliente, cedula, nombres, apellidos, direccion, ciudad_residencia, celular, correo_electronico) values (36, '8488010400', 'Tova', 'Broske', '6459 Westport Way', 'Zhanlong', '0870305409', 'tbroskez@adobe.com');
insert into cliente (id_cliente, cedula, nombres, apellidos, direccion, ciudad_residencia, celular, correo_electronico) values (37, '6080239981', 'Rosie', 'Caskie', '60 Delladonna Hill', 'Nancy', '9092958255', 'rcaskie10@hibu.com');
insert into cliente (id_cliente, cedula, nombres, apellidos, direccion, ciudad_residencia, celular, correo_electronico) values (38, '2621449107', 'Garvin', 'Streater', '5943 Knutson Center', 'Dezhou', '5688343443', 'gstreater11@baidu.com');
insert into cliente (id_cliente, cedula, nombres, apellidos, direccion, ciudad_residencia, celular, correo_electronico) values (39, '7996120285', 'Shanna', 'Criple', '30698 Surrey Hill', 'Mahuta', '7062308242', 'scriple12@tinypic.com');
insert into cliente (id_cliente, cedula, nombres, apellidos, direccion, ciudad_residencia, celular, correo_electronico) values (40, '3243133890', 'Adolf', 'Dever', '6 Stuart Drive', 'Krasnyy Oktyabr’', '5602180281', 'adever13@naver.com');
insert into cliente (id_cliente, cedula, nombres, apellidos, direccion, ciudad_residencia, celular, correo_electronico) values (41, '2227261749', 'Rabbi', 'McGray', '30 Morningstar Plaza', 'Tegalagung', '5854145499', 'rmcgray14@cpanel.net');
insert into cliente (id_cliente, cedula, nombres, apellidos, direccion, ciudad_residencia, celular, correo_electronico) values (42, '6867226906', 'Gianina', 'Brampton', '11 Pennsylvania Drive', 'President Roxas', '8071327034', 'gbrampton15@si.edu');
insert into cliente (id_cliente, cedula, nombres, apellidos, direccion, ciudad_residencia, celular, correo_electronico) values (43, '7394487032', 'Gary', 'Bucham', '9 Moose Center', 'Babakandesa', '4204033482', 'gbucham16@loc.gov');
insert into cliente (id_cliente, cedula, nombres, apellidos, direccion, ciudad_residencia, celular, correo_electronico) values (44, '1589848160', 'Elka', 'Twiddell', '0 Jay Road', 'Fushan', '1327463741', 'etwiddell17@cmu.edu');
insert into cliente (id_cliente, cedula, nombres, apellidos, direccion, ciudad_residencia, celular, correo_electronico) values (45, '9082507196', 'Noak', 'Beuscher', '075 Stone Corner Pass', 'Tulaghi', '0560423500', 'nbeuscher18@aboutads.info');
insert into cliente (id_cliente, cedula, nombres, apellidos, direccion, ciudad_residencia, celular, correo_electronico) values (46, '1160477027', 'Amil', 'Tacon', '88384 Sutherland Terrace', 'Nesovice', '0173497772', 'atacon19@lycos.com');
insert into cliente (id_cliente, cedula, nombres, apellidos, direccion, ciudad_residencia, celular, correo_electronico) values (47, '5712027801', 'Boy', 'Goudge', '36 Comanche Way', 'Beima', '6142920571', 'bgoudge1a@hatena.ne.jp');
insert into cliente (id_cliente, cedula, nombres, apellidos, direccion, ciudad_residencia, celular, correo_electronico) values (48, '5107641180', 'Marylee', 'Ximenez', '65051 New Castle Road', 'Pringu', '9295647246', 'mximenez1b@unesco.org');
insert into cliente (id_cliente, cedula, nombres, apellidos, direccion, ciudad_residencia, celular, correo_electronico) values (49, '1785515594', 'Vivien', 'Longland', '19377 Bellgrove Avenue', 'Hartford', '1290357331', 'vlongland1c@vk.com');
insert into cliente (id_cliente, cedula, nombres, apellidos, direccion, ciudad_residencia, celular, correo_electronico) values (50, '8206491953', 'Revkah', 'Zanetto', '1 Eastlawn Hill', 'Njeru', '4362419098', 'rzanetto1d@answers.com');
insert into cliente (id_cliente, cedula, nombres, apellidos, direccion, ciudad_residencia, celular, correo_electronico) values (51, '8616963782', 'Shaylyn', 'Habbert', '78736 Hanson Trail', 'Oklahoma City', '2294170849', 'shabbert1e@examiner.com');
insert into cliente (id_cliente, cedula, nombres, apellidos, direccion, ciudad_residencia, celular, correo_electronico) values (52, '6681437117', 'Richardo', 'Ghidelli', '3 Golf View Alley', 'Timrå', '6129358970', 'rghidelli1f@reuters.com');
insert into cliente (id_cliente, cedula, nombres, apellidos, direccion, ciudad_residencia, celular, correo_electronico) values (53, '0319814084', 'Perle', 'Brogan', '666 Orin Place', 'Lobão', '4517717232', 'pbrogan1g@cam.ac.uk');
insert into cliente (id_cliente, cedula, nombres, apellidos, direccion, ciudad_residencia, celular, correo_electronico) values (54, '3492749631', 'Gaye', 'Lahy', '00 Onsgard Park', 'Wangtai', '0868890685', 'glahy1h@ask.com');
insert into cliente (id_cliente, cedula, nombres, apellidos, direccion, ciudad_residencia, celular, correo_electronico) values (55, '3370004615', 'Giffy', 'Rymell', '3 Rutledge Plaza', 'Guiuan', '2952123179', 'grymell1i@wordpress.com');
insert into cliente (id_cliente, cedula, nombres, apellidos, direccion, ciudad_residencia, celular, correo_electronico) values (56, '4433448400', 'Thibaud', 'Dymock', '68519 Northland Parkway', 'Orlovskiy', '3847601423', 'tdymock1j@latimes.com');
insert into cliente (id_cliente, cedula, nombres, apellidos, direccion, ciudad_residencia, celular, correo_electronico) values (57, '0709382995', 'Delmore', 'Cheatle', '393 Service Crossing', 'Shīnḏanḏ', '4047032271', 'dcheatle1k@dailymail.co.uk');
insert into cliente (id_cliente, cedula, nombres, apellidos, direccion, ciudad_residencia, celular, correo_electronico) values (58, '7811417286', 'Wilhelmine', 'Coghlan', '9 Brentwood Way', 'Józefów', '9632790049', 'wcoghlan1l@ucla.edu');
insert into cliente (id_cliente, cedula, nombres, apellidos, direccion, ciudad_residencia, celular, correo_electronico) values (59, '7772287844', 'Maddy', 'Harrowell', '2961 Fair Oaks Circle', 'Prao', '5504465958', 'mharrowell1m@who.int');
insert into cliente (id_cliente, cedula, nombres, apellidos, direccion, ciudad_residencia, celular, correo_electronico) values (60, '7617324839', 'Terese', 'Aartsen', '02 Cherokee Plaza', 'Tegarenkrajan', '5080022116', 'taartsen1n@wufoo.com');
insert into cliente (id_cliente, cedula, nombres, apellidos, direccion, ciudad_residencia, celular, correo_electronico) values (61, '3042067017', 'Celestyna', 'Fridd', '6666 Starling Parkway', 'Haoxinying', '8002082796', 'cfridd1o@wikimedia.org');
insert into cliente (id_cliente, cedula, nombres, apellidos, direccion, ciudad_residencia, celular, correo_electronico) values (62, '8418718854', 'Ginny', 'Schultes', '073 Ronald Regan Point', 'Yanaul', '7842428727', 'gschultes1p@princeton.edu');
insert into cliente (id_cliente, cedula, nombres, apellidos, direccion, ciudad_residencia, celular, correo_electronico) values (63, '7412062026', 'Devonne', 'Muncer', '3979 Hintze Pass', 'Bamban', '5282743299', 'dmuncer1q@ucsd.edu');
insert into cliente (id_cliente, cedula, nombres, apellidos, direccion, ciudad_residencia, celular, correo_electronico) values (64, '3481481160', 'Karissa', 'Impett', '32112 Utah Road', 'Ube', '8103526126', 'kimpett1r@paginegialle.it');
insert into cliente (id_cliente, cedula, nombres, apellidos, direccion, ciudad_residencia, celular, correo_electronico) values (65, '7914865451', 'Lin', 'Erridge', '614 Scoville Center', 'Donghe', '3696479241', 'lerridge1s@bloglovin.com');
insert into cliente (id_cliente, cedula, nombres, apellidos, direccion, ciudad_residencia, celular, correo_electronico) values (66, '9110121811', 'Geoff', 'Shemmans', '30645 3rd Point', 'Bukui', '7742295253', 'gshemmans1t@alexa.com');
insert into cliente (id_cliente, cedula, nombres, apellidos, direccion, ciudad_residencia, celular, correo_electronico) values (67, '6498331364', 'Maryjo', 'Odom', '314 Crest Line Street', 'Aimorés', '3328412085', 'modom1u@house.gov');
insert into cliente (id_cliente, cedula, nombres, apellidos, direccion, ciudad_residencia, celular, correo_electronico) values (68, '0620670487', 'Stephen', 'Barabisch', '8 6th Center', 'Bassar', '4919431007', 'sbarabisch1v@netvibes.com');
insert into cliente (id_cliente, cedula, nombres, apellidos, direccion, ciudad_residencia, celular, correo_electronico) values (69, '3458664300', 'Gwyneth', 'Jeayes', '4 Lake View Street', 'Pécs', '3323049306', 'gjeayes1w@globo.com');
insert into cliente (id_cliente, cedula, nombres, apellidos, direccion, ciudad_residencia, celular, correo_electronico) values (70, '2754758607', 'Kareem', 'Glowacki', '8267 Jenna Park', 'Mandapajaya', '5730797923', 'kglowacki1x@omniture.com');
insert into cliente (id_cliente, cedula, nombres, apellidos, direccion, ciudad_residencia, celular, correo_electronico) values (71, '2281539946', 'Berenice', 'Blackah', '106 Little Fleur Crossing', 'Camp Diable', '7822880462', 'bblackah1y@amazon.com');
insert into cliente (id_cliente, cedula, nombres, apellidos, direccion, ciudad_residencia, celular, correo_electronico) values (72, '9101166557', 'Roxi', 'Heyball', '95317 Warner Lane', 'Orlová', '3652791487', 'rheyball1z@hao123.com');
insert into cliente (id_cliente, cedula, nombres, apellidos, direccion, ciudad_residencia, celular, correo_electronico) values (73, '0464453755', 'Caryn', 'Gregorowicz', '3705 Havey Road', 'Hołoby', '7474252627', 'cgregorowicz20@about.me');
insert into cliente (id_cliente, cedula, nombres, apellidos, direccion, ciudad_residencia, celular, correo_electronico) values (74, '1712664190', 'Isa', 'Robertshaw', '4152 Helena Pass', 'Rio Piracicaba', '9043167525', 'irobertshaw21@apache.org');
insert into cliente (id_cliente, cedula, nombres, apellidos, direccion, ciudad_residencia, celular, correo_electronico) values (75, '4643007621', 'Mireille', 'Gherardi', '5 Raven Street', 'Muyinga', '3595821041', 'mgherardi22@prweb.com');
insert into cliente (id_cliente, cedula, nombres, apellidos, direccion, ciudad_residencia, celular, correo_electronico) values (76, '9780553843', 'Elke', 'Reary', '02 Melody Trail', 'Punkalaidun', '7489740533', 'ereary23@1688.com');
insert into cliente (id_cliente, cedula, nombres, apellidos, direccion, ciudad_residencia, celular, correo_electronico) values (77, '7111513266', 'Tiena', 'Gorcke', '8 Stang Street', 'Niutian', '3816600689', 'tgorcke24@theglobeandmail.com');
insert into cliente (id_cliente, cedula, nombres, apellidos, direccion, ciudad_residencia, celular, correo_electronico) values (78, '8848703488', 'Bernadette', 'Makepeace', '89 Pond Center', 'Kasakh', '8476219369', 'bmakepeace25@w3.org');
insert into cliente (id_cliente, cedula, nombres, apellidos, direccion, ciudad_residencia, celular, correo_electronico) values (79, '8399255998', 'Sollie', 'Wallwork', '794 Novick Trail', 'Beraim', '2043286455', 'swallwork26@geocities.jp');
insert into cliente (id_cliente, cedula, nombres, apellidos, direccion, ciudad_residencia, celular, correo_electronico) values (80, '4310551882', 'Maurice', 'Kingshott', '062 Veith Crossing', 'Mundão', '8100102791', 'mkingshott27@eepurl.com');
insert into cliente (id_cliente, cedula, nombres, apellidos, direccion, ciudad_residencia, celular, correo_electronico) values (81, '1847251528', 'Claudette', 'Greatbanks', '24 Anzinger Junction', 'Arras', '5658992397', 'cgreatbanks28@pbs.org');
insert into cliente (id_cliente, cedula, nombres, apellidos, direccion, ciudad_residencia, celular, correo_electronico) values (82, '2072696690', 'Stevena', 'Farra', '993 Tomscot Avenue', 'Islamey', '3690959659', 'sfarra29@unicef.org');
insert into cliente (id_cliente, cedula, nombres, apellidos, direccion, ciudad_residencia, celular, correo_electronico) values (83, '2749408237', 'Erhart', 'Daintith', '5926 Anzinger Drive', 'Dakhla', '8861147941', 'edaintith2a@si.edu');
insert into cliente (id_cliente, cedula, nombres, apellidos, direccion, ciudad_residencia, celular, correo_electronico) values (84, '1214645186', 'Gussi', 'Grissett', '8698 Bonner Avenue', 'Ifanadiana', '7996931593', 'ggrissett2b@amazon.co.jp');
insert into cliente (id_cliente, cedula, nombres, apellidos, direccion, ciudad_residencia, celular, correo_electronico) values (85, '1591582644', 'Leola', 'Coolbear', '58153 Everett Drive', 'Jagüey Grande', '8567193532', 'lcoolbear2c@merriam-webster.com');
insert into cliente (id_cliente, cedula, nombres, apellidos, direccion, ciudad_residencia, celular, correo_electronico) values (86, '8632108514', 'Melina', 'Franceschelli', '1616 7th Trail', 'Solna', '8485376293', 'mfranceschelli2d@people.com.cn');
insert into cliente (id_cliente, cedula, nombres, apellidos, direccion, ciudad_residencia, celular, correo_electronico) values (87, '3368416952', 'Agustin', 'Laven', '06 Corben Point', 'Buynichy', '8125681612', 'alaven2e@w3.org');
insert into cliente (id_cliente, cedula, nombres, apellidos, direccion, ciudad_residencia, celular, correo_electronico) values (88, '0540011134', 'Rosie', 'Sussems', '6098 Orin Parkway', 'Xiaxihao', '9323524662', 'rsussems2f@ebay.com');
insert into cliente (id_cliente, cedula, nombres, apellidos, direccion, ciudad_residencia, celular, correo_electronico) values (89, '6359222124', 'Nadeen', 'Groven', '8 Scofield Drive', 'Hualmay', '9380041551', 'ngroven2g@myspace.com');
insert into cliente (id_cliente, cedula, nombres, apellidos, direccion, ciudad_residencia, celular, correo_electronico) values (90, '3384159365', 'Kathryn', 'Flewan', '3 Pearson Pass', 'Świebodzice', '8542592387', 'kflewan2h@ocn.ne.jp');
insert into cliente (id_cliente, cedula, nombres, apellidos, direccion, ciudad_residencia, celular, correo_electronico) values (91, '3211773045', 'Junette', 'Leete', '69 Brown Road', 'Xishiqiao', '5033900641', 'jleete2i@unc.edu');
insert into cliente (id_cliente, cedula, nombres, apellidos, direccion, ciudad_residencia, celular, correo_electronico) values (92, '7568200302', 'Alidia', 'Yeandel', '93662 Muir Alley', 'Llaillay', '9547082949', 'ayeandel2j@wired.com');
insert into cliente (id_cliente, cedula, nombres, apellidos, direccion, ciudad_residencia, celular, correo_electronico) values (93, '4634949954', 'Margareta', 'Grooby', '23 Butterfield Pass', 'Vitanje', '9749132459', 'mgrooby2k@epa.gov');
insert into cliente (id_cliente, cedula, nombres, apellidos, direccion, ciudad_residencia, celular, correo_electronico) values (94, '6483503644', 'Carmelia', 'Skellion', '2299 Thierer Place', 'Troyes', '2386164713', 'cskellion2l@bandcamp.com');
insert into cliente (id_cliente, cedula, nombres, apellidos, direccion, ciudad_residencia, celular, correo_electronico) values (95, '4231020892', 'Mahmoud', 'Aulton', '57334 Harbort Street', 'Bhalil', '9669375843', 'maulton2m@aboutads.info');
insert into cliente (id_cliente, cedula, nombres, apellidos, direccion, ciudad_residencia, celular, correo_electronico) values (96, '8494677888', 'Freddy', 'de Bullion', '82047 Mesta Crossing', 'Las Tejeras', '4113313172', 'fdebullion2n@cmu.edu');
insert into cliente (id_cliente, cedula, nombres, apellidos, direccion, ciudad_residencia, celular, correo_electronico) values (97, '5322321160', 'Harri', 'Wallbanks', '7270 Dexter Circle', 'Champaign', '1793013047', 'hwallbanks2o@omniture.com');
insert into cliente (id_cliente, cedula, nombres, apellidos, direccion, ciudad_residencia, celular, correo_electronico) values (98, '7414513181', 'Corrie', 'Ginie', '355 Warbler Circle', 'Gandara', '9162008439', 'cginie2p@nature.com');
insert into cliente (id_cliente, cedula, nombres, apellidos, direccion, ciudad_residencia, celular, correo_electronico) values (99, '9596406027', 'Lydon', 'Penhalurick', '35 Hooker Plaza', 'Lebao', '9510734764', 'lpenhalurick2q@unicef.org');
insert into cliente (id_cliente, cedula, nombres, apellidos, direccion, ciudad_residencia, celular, correo_electronico) values (100, '2156701164', 'Elden', 'Genever', '0326 Boyd Alley', 'Tsukuba', '6613508810', 'egenever2r@huffingtonpost.com');


insert into vehiculo (id_vehiculo, tipo_vehiculo, placa, referencia, modelo, puertas, estado, capacidad, sunroof, motor, color) values (1, '929', '1G6DL8EG5A0207677', 'Mazda', 1989, 3, null, 4, 2, 'Edgeblab', 'Fuscia');
insert into vehiculo (id_vehiculo, tipo_vehiculo, placa, referencia, modelo, puertas, estado, capacidad, sunroof, motor, color) values (2, 'Ion', 'JTMHY7AJ7B5802658', 'Saturn', 2005, 3, null, 2, 1, 'Tanoodle', 'Red');
insert into vehiculo (id_vehiculo, tipo_vehiculo, placa, referencia, modelo, puertas, estado, capacidad, sunroof, motor, color) values (3, 'Corvette', 'WBANB33575C344937', 'Chevrolet', 1972, 3, null, 3, 2, 'Fadeo', 'Orange');
insert into vehiculo (id_vehiculo, tipo_vehiculo, placa, referencia, modelo, puertas, estado, capacidad, sunroof, motor, color) values (4, 'Mazda5', '2G4GX5GV5B9827506', 'Mazda', 2007, 3, null, 5, 2, 'Linklinks', 'Khaki');
insert into vehiculo (id_vehiculo, tipo_vehiculo, placa, referencia, modelo, puertas, estado, capacidad, sunroof, motor, color) values (5, 'Range Rover Classic', 'WAUHF78PX8A798196', 'Land Rover', 1993, 2, 'Franche-Comté', 3, 2, 'Skippad', 'Aquamarine');
insert into vehiculo (id_vehiculo, tipo_vehiculo, placa, referencia, modelo, puertas, estado, capacidad, sunroof, motor, color) values (6, 'XL-7', 'WBAWB73589P916060', 'Suzuki', 2006, 4, null, 1, 2, 'Feedmix', 'Mauv');
insert into vehiculo (id_vehiculo, tipo_vehiculo, placa, referencia, modelo, puertas, estado, capacidad, sunroof, motor, color) values (7, 'Millenia', 'WBAYA8C59ED165063', 'Mazda', 1999, 1, 'North Carolina', 4, 1, 'Browsezoom', 'Maroon');
insert into vehiculo (id_vehiculo, tipo_vehiculo, placa, referencia, modelo, puertas, estado, capacidad, sunroof, motor, color) values (8, 'F350', '1G6AB5RX4E0848209', 'Ford', 2000, 3, 'Manitoba', 5, 2, 'Voomm', 'Purple');
insert into vehiculo (id_vehiculo, tipo_vehiculo, placa, referencia, modelo, puertas, estado, capacidad, sunroof, motor, color) values (9, 'Ram Van 3500', '2B3CJ5DT6BH501132', 'Dodge', 2002, 3, null, 3, 1, 'Brainlounge', 'Yellow');
insert into vehiculo (id_vehiculo, tipo_vehiculo, placa, referencia, modelo, puertas, estado, capacidad, sunroof, motor, color) values (10, 'S4', '1GD312CG0EF323317', 'Audi', 2007, 4, 'Midi-Pyrénées', 4, 2, 'Reallinks', 'Fuscia');
insert into vehiculo (id_vehiculo, tipo_vehiculo, placa, referencia, modelo, puertas, estado, capacidad, sunroof, motor, color) values (11, 'Laser', 'WAUML54B83N155188', 'Ford', 1989, 1, null, 4, 1, 'Voomm', 'Teal');
insert into vehiculo (id_vehiculo, tipo_vehiculo, placa, referencia, modelo, puertas, estado, capacidad, sunroof, motor, color) values (12, 'S6', '3FAHP0CG9BR268108', 'Audi', 2008, 3, 'Nova Scotia', 3, 2, 'Minyx', 'Teal');
insert into vehiculo (id_vehiculo, tipo_vehiculo, placa, referencia, modelo, puertas, estado, capacidad, sunroof, motor, color) values (13, 'B-Series Plus', '1ZVBP8AM3B5317939', 'Mazda', 1996, 2, 'Vest-Agder', 1, 1, 'Topiclounge', 'Pink');
insert into vehiculo (id_vehiculo, tipo_vehiculo, placa, referencia, modelo, puertas, estado, capacidad, sunroof, motor, color) values (14, 'Range Rover Sport', 'WA1LMAFE1CD935805', 'Land Rover', 2010, 3, null, 5, 1, 'Innojam', 'Green');
insert into vehiculo (id_vehiculo, tipo_vehiculo, placa, referencia, modelo, puertas, estado, capacidad, sunroof, motor, color) values (15, 'HHR', '2G4WS52J751656744', 'Chevrolet', 2008, 4, null, 3, 1, 'Zoomzone', 'Blue');
insert into vehiculo (id_vehiculo, tipo_vehiculo, placa, referencia, modelo, puertas, estado, capacidad, sunroof, motor, color) values (16, 'Firebird', '1D7RB1CTXAS046167', 'Pontiac', 1991, 2, null, 1, 1, 'Feedfish', 'Fuscia');
insert into vehiculo (id_vehiculo, tipo_vehiculo, placa, referencia, modelo, puertas, estado, capacidad, sunroof, motor, color) values (17, 'E250', '3VW4S7AT3EM942543', 'Ford', 2008, 1, null, 4, 1, 'Voonte', 'Aquamarine');
insert into vehiculo (id_vehiculo, tipo_vehiculo, placa, referencia, modelo, puertas, estado, capacidad, sunroof, motor, color) values (18, 'Soul', '1G4GA5GC1AF125947', 'Kia', 2010, 3, null, 6, 2, 'Flipopia', 'Crimson');
insert into vehiculo (id_vehiculo, tipo_vehiculo, placa, referencia, modelo, puertas, estado, capacidad, sunroof, motor, color) values (19, 'Spectra', 'TRUUT28N921385727', 'Kia', 2001, 3, null, 5, 2, 'Photojam', 'Indigo');
insert into vehiculo (id_vehiculo, tipo_vehiculo, placa, referencia, modelo, puertas, estado, capacidad, sunroof, motor, color) values (20, 'Avalanche 2500', 'JTHBE1KS3B0896617', 'Chevrolet', 2006, 2, 'Île-de-France', 4, 2, 'JumpXS', 'Maroon');
insert into vehiculo (id_vehiculo, tipo_vehiculo, placa, referencia, modelo, puertas, estado, capacidad, sunroof, motor, color) values (21, 'M3', 'SALVP2BGXFH663814', 'BMW', 2010, 1, null, 5, 2, 'Jamia', 'Violet');
insert into vehiculo (id_vehiculo, tipo_vehiculo, placa, referencia, modelo, puertas, estado, capacidad, sunroof, motor, color) values (22, 'J', 'WAUDT48H96K838712', 'Infiniti', 1993, 1, null, 6, 1, 'Vidoo', 'Yellow');
insert into vehiculo (id_vehiculo, tipo_vehiculo, placa, referencia, modelo, puertas, estado, capacidad, sunroof, motor, color) values (23, 'Uplander', 'WA1WKAFP7BA605526', 'Chevrolet', 2007, 4, null, 1, 2, 'Jayo', 'Turquoise');
insert into vehiculo (id_vehiculo, tipo_vehiculo, placa, referencia, modelo, puertas, estado, capacidad, sunroof, motor, color) values (24, 'Vitara', 'WAUEF78E18A526038', 'Suzuki', 2000, 4, 'Västmanland', 1, 1, 'Yombu', 'Maroon');
insert into vehiculo (id_vehiculo, tipo_vehiculo, placa, referencia, modelo, puertas, estado, capacidad, sunroof, motor, color) values (25, '525', '3C63DPBL4CG066723', 'BMW', 2006, 4, null, 5, 1, 'Quatz', 'Fuscia');
insert into vehiculo (id_vehiculo, tipo_vehiculo, placa, referencia, modelo, puertas, estado, capacidad, sunroof, motor, color) values (26, 'X6', 'WBAXH5C55CC540780', 'BMW', 2009, 3, null, 5, 1, 'Quamba', 'Aquamarine');
insert into vehiculo (id_vehiculo, tipo_vehiculo, placa, referencia, modelo, puertas, estado, capacidad, sunroof, motor, color) values (27, 'Grand Marquis', '5GAKVBED6BJ325395', 'Mercury', 1998, 2, null, 3, 1, 'Oloo', 'Teal');
insert into vehiculo (id_vehiculo, tipo_vehiculo, placa, referencia, modelo, puertas, estado, capacidad, sunroof, motor, color) values (28, 'Astro', 'WAUVC58EX5A005313', 'Chevrolet', 1997, 4, null, 4, 2, 'Leenti', 'Teal');
insert into vehiculo (id_vehiculo, tipo_vehiculo, placa, referencia, modelo, puertas, estado, capacidad, sunroof, motor, color) values (29, 'Sunfire', 'JTHBK1GG2E2371909', 'Pontiac', 2000, 2, null, 2, 1, 'Photofeed', 'Goldenrod');
insert into vehiculo (id_vehiculo, tipo_vehiculo, placa, referencia, modelo, puertas, estado, capacidad, sunroof, motor, color) values (30, 'Cooper Clubman', 'WBANV93558C067073', 'MINI', 2011, 4, 'Île-de-France', 4, 1, 'Linkbridge', 'Pink');
insert into vehiculo (id_vehiculo, tipo_vehiculo, placa, referencia, modelo, puertas, estado, capacidad, sunroof, motor, color) values (31, 'Corvette', 'WAUKFAFL6EA735224', 'Chevrolet', 2008, 3, null, 6, 1, 'Bubblebox', 'Violet');
insert into vehiculo (id_vehiculo, tipo_vehiculo, placa, referencia, modelo, puertas, estado, capacidad, sunroof, motor, color) values (32, 'Range Rover', 'JTDZN3EU3EJ525884', 'Land Rover', 2005, 1, 'Hamburg', 6, 1, 'Twimbo', 'Goldenrod');
insert into vehiculo (id_vehiculo, tipo_vehiculo, placa, referencia, modelo, puertas, estado, capacidad, sunroof, motor, color) values (33, 'Grand Voyager', 'WDDHF0EB1EA078872', 'Plymouth', 1995, 4, null, 1, 2, 'Skibox', 'Turquoise');
insert into vehiculo (id_vehiculo, tipo_vehiculo, placa, referencia, modelo, puertas, estado, capacidad, sunroof, motor, color) values (34, 'XK Series', '1G6DC5EG7A0483082', 'Jaguar', 2002, 1, 'Setúbal', 5, 2, 'Camimbo', 'Mauv');
insert into vehiculo (id_vehiculo, tipo_vehiculo, placa, referencia, modelo, puertas, estado, capacidad, sunroof, motor, color) values (35, 'Town & Country', 'WAUEL74F45N060908', 'Chrysler', 2012, 4, null, 4, 2, 'Rhynoodle', 'Red');
insert into vehiculo (id_vehiculo, tipo_vehiculo, placa, referencia, modelo, puertas, estado, capacidad, sunroof, motor, color) values (36, 'Mazdaspeed 3', '5UXWX9C56DL541266', 'Mazda', 2011, 2, null, 6, 1, 'Bubblebox', 'Violet');
insert into vehiculo (id_vehiculo, tipo_vehiculo, placa, referencia, modelo, puertas, estado, capacidad, sunroof, motor, color) values (37, 'Titan', '1G6EL12Y41B685652', 'Nissan', 2005, 4, 'Porto', 3, 2, 'Yotz', 'Red');
insert into vehiculo (id_vehiculo, tipo_vehiculo, placa, referencia, modelo, puertas, estado, capacidad, sunroof, motor, color) values (38, '9-5', 'JN8AF5MV4FT919341', 'Saab', 2011, 1, null, 6, 1, 'Thoughtstorm', 'Red');
insert into vehiculo (id_vehiculo, tipo_vehiculo, placa, referencia, modelo, puertas, estado, capacidad, sunroof, motor, color) values (39, 'Express 3500', 'WVWAA7AH2AV330306', 'Chevrolet', 2003, 2, null, 3, 2, 'Mybuzz', 'Green');
insert into vehiculo (id_vehiculo, tipo_vehiculo, placa, referencia, modelo, puertas, estado, capacidad, sunroof, motor, color) values (40, 'RX Hybrid', 'JTDZN3EU1EJ634649', 'Lexus', 2006, 2, null, 4, 2, 'Edgeclub', 'Yellow');
insert into vehiculo (id_vehiculo, tipo_vehiculo, placa, referencia, modelo, puertas, estado, capacidad, sunroof, motor, color) values (41, 'XLR', 'WAUEF98E78A476127', 'Cadillac', 2008, 3, null, 1, 1, 'Quimm', 'Blue');
insert into vehiculo (id_vehiculo, tipo_vehiculo, placa, referencia, modelo, puertas, estado, capacidad, sunroof, motor, color) values (42, 'V70', 'JM1GJ1T53E1604605', 'Volvo', 2002, 4, null, 4, 2, 'Gabspot', 'Crimson');
insert into vehiculo (id_vehiculo, tipo_vehiculo, placa, referencia, modelo, puertas, estado, capacidad, sunroof, motor, color) values (43, 'Grand Voyager', 'WAUVC58E95A991028', 'Plymouth', 1996, 3, null, 4, 2, 'Skipfire', 'Blue');
insert into vehiculo (id_vehiculo, tipo_vehiculo, placa, referencia, modelo, puertas, estado, capacidad, sunroof, motor, color) values (44, 'C70', '2D4RN5D15AR564052', 'Volvo', 2009, 1, null, 1, 2, 'Gabtune', 'Violet');
insert into vehiculo (id_vehiculo, tipo_vehiculo, placa, referencia, modelo, puertas, estado, capacidad, sunroof, motor, color) values (45, 'Vigor', '2T3BFREV5DW088562', 'Acura', 1994, 3, null, 2, 1, 'Jaxnation', 'Turquoise');
insert into vehiculo (id_vehiculo, tipo_vehiculo, placa, referencia, modelo, puertas, estado, capacidad, sunroof, motor, color) values (46, 'Savana 2500', 'WUAGL78E66A302641', 'GMC', 2001, 4, null, 1, 2, 'Voonix', 'Goldenrod');
insert into vehiculo (id_vehiculo, tipo_vehiculo, placa, referencia, modelo, puertas, estado, capacidad, sunroof, motor, color) values (47, 'Pajero', '1FTMF1EW3AK016182', 'Mitsubishi', 1984, 2, 'Viseu', 1, 1, 'Janyx', 'Red');
insert into vehiculo (id_vehiculo, tipo_vehiculo, placa, referencia, modelo, puertas, estado, capacidad, sunroof, motor, color) values (48, 'Aveo', '3G5DA03E52S880461', 'Chevrolet', 2004, 2, 'Basse-Normandie', 6, 2, 'Riffpedia', 'Pink');
insert into vehiculo (id_vehiculo, tipo_vehiculo, placa, referencia, modelo, puertas, estado, capacidad, sunroof, motor, color) values (49, 'del Sol', 'SCBGT3ZA2FC103319', 'Honda', 1996, 1, null, 3, 1, 'Fivechat', 'Puce');
insert into vehiculo (id_vehiculo, tipo_vehiculo, placa, referencia, modelo, puertas, estado, capacidad, sunroof, motor, color) values (50, 'Allante', '19UUA8F2XEA541615', 'Cadillac', 1992, 3, null, 4, 1, 'Thoughtsphere', 'Fuscia');
insert into vehiculo (id_vehiculo, tipo_vehiculo, placa, referencia, modelo, puertas, estado, capacidad, sunroof, motor, color) values (51, 'Mountaineer', '5GADV23177D443799', 'Mercury', 1997, 1, null, 3, 2, 'Jabbertype', 'Pink');
insert into vehiculo (id_vehiculo, tipo_vehiculo, placa, referencia, modelo, puertas, estado, capacidad, sunroof, motor, color) values (52, 'xD', '4T1BF1FKXEU546077', 'Scion', 2008, 1, null, 4, 2, 'Shufflebeat', 'Violet');
insert into vehiculo (id_vehiculo, tipo_vehiculo, placa, referencia, modelo, puertas, estado, capacidad, sunroof, motor, color) values (53, 'F-250 Super Duty', 'WBAEV33424P977903', 'Ford', 2006, 3, null, 5, 1, 'Tazzy', 'Teal');
insert into vehiculo (id_vehiculo, tipo_vehiculo, placa, referencia, modelo, puertas, estado, capacidad, sunroof, motor, color) values (54, 'Voyager', '4USCN33402L081401', 'Plymouth', 1993, 1, null, 5, 1, 'Feedfire', 'Maroon');
insert into vehiculo (id_vehiculo, tipo_vehiculo, placa, referencia, modelo, puertas, estado, capacidad, sunroof, motor, color) values (55, 'S2000', 'WA1WMBFE4DD999566', 'Honda', 2006, 4, null, 2, 2, 'Linktype', 'Khaki');
insert into vehiculo (id_vehiculo, tipo_vehiculo, placa, referencia, modelo, puertas, estado, capacidad, sunroof, motor, color) values (56, 'Corolla', 'JN8AE2KP3B9520272', 'Toyota', 1994, 3, null, 4, 2, 'Blognation', 'Teal');
insert into vehiculo (id_vehiculo, tipo_vehiculo, placa, referencia, modelo, puertas, estado, capacidad, sunroof, motor, color) values (57, 'Traverse', '3D7JV1EP9BG252948', 'Chevrolet', 2010, 2, null, 2, 1, 'Realbuzz', 'Teal');
insert into vehiculo (id_vehiculo, tipo_vehiculo, placa, referencia, modelo, puertas, estado, capacidad, sunroof, motor, color) values (58, 'Countach', 'NM0AS8F7XE1213053', 'Lamborghini', 1989, 3, null, 4, 1, 'Twitterwire', 'Goldenrod');
insert into vehiculo (id_vehiculo, tipo_vehiculo, placa, referencia, modelo, puertas, estado, capacidad, sunroof, motor, color) values (59, 'C70', '1G4HF57989U226405', 'Volvo', 2010, 1, null, 3, 1, 'Skiptube', 'Puce');
insert into vehiculo (id_vehiculo, tipo_vehiculo, placa, referencia, modelo, puertas, estado, capacidad, sunroof, motor, color) values (60, '330', 'WAUAFAFL1EA349029', 'BMW', 2006, 4, null, 5, 1, 'Riffwire', 'Indigo');
insert into vehiculo (id_vehiculo, tipo_vehiculo, placa, referencia, modelo, puertas, estado, capacidad, sunroof, motor, color) values (61, 'Ranger', 'WBAKG7C58CE228966', 'Ford', 2004, 4, null, 3, 2, 'Tekfly', 'Khaki');
insert into vehiculo (id_vehiculo, tipo_vehiculo, placa, referencia, modelo, puertas, estado, capacidad, sunroof, motor, color) values (62, 'Caravan', 'WAULFAFR0AA436184', 'Dodge', 1995, 2, null, 6, 1, 'Zava', 'Maroon');
insert into vehiculo (id_vehiculo, tipo_vehiculo, placa, referencia, modelo, puertas, estado, capacidad, sunroof, motor, color) values (63, 'Century', 'WVGAV7AX8CW035800', 'Buick', 1987, 4, null, 6, 1, 'Zoonder', 'Goldenrod');
insert into vehiculo (id_vehiculo, tipo_vehiculo, placa, referencia, modelo, puertas, estado, capacidad, sunroof, motor, color) values (64, 'Dakota', '1GD020CG0BF163102', 'Dodge', 2006, 2, null, 2, 2, 'Quimba', 'Yellow');
insert into vehiculo (id_vehiculo, tipo_vehiculo, placa, referencia, modelo, puertas, estado, capacidad, sunroof, motor, color) values (65, 'Grand Cherokee', 'WAUAC48H54K545776', 'Jeep', 2012, 4, null, 3, 2, 'Brainverse', 'Orange');
insert into vehiculo (id_vehiculo, tipo_vehiculo, placa, referencia, modelo, puertas, estado, capacidad, sunroof, motor, color) values (66, 'Malibu', '1N6AA0CA8FN830918', 'Chevrolet', 2009, 3, null, 2, 2, 'Izio', 'Pink');
insert into vehiculo (id_vehiculo, tipo_vehiculo, placa, referencia, modelo, puertas, estado, capacidad, sunroof, motor, color) values (67, 'Grand Marquis', 'TRUWX28N521645201', 'Mercury', 1987, 3, null, 4, 1, 'Trunyx', 'Purple');
insert into vehiculo (id_vehiculo, tipo_vehiculo, placa, referencia, modelo, puertas, estado, capacidad, sunroof, motor, color) values (68, 'Liberty', 'WAUDV74F59N713399', 'Jeep', 2007, 2, null, 6, 2, 'Skaboo', 'Puce');
insert into vehiculo (id_vehiculo, tipo_vehiculo, placa, referencia, modelo, puertas, estado, capacidad, sunroof, motor, color) values (69, 'Golf', '19XFA1F30AE794960', 'Volkswagen', 2006, 2, null, 3, 2, 'Youtags', 'Maroon');
insert into vehiculo (id_vehiculo, tipo_vehiculo, placa, referencia, modelo, puertas, estado, capacidad, sunroof, motor, color) values (70, 'Z3', 'WDDGF4HB2CR669399', 'BMW', 1997, 4, null, 6, 2, 'Rhynoodle', 'Maroon');
insert into vehiculo (id_vehiculo, tipo_vehiculo, placa, referencia, modelo, puertas, estado, capacidad, sunroof, motor, color) values (71, 'Club Wagon', '2FMGK5DC0AB533419', 'Ford', 1995, 1, 'Provence-Alpes-Côte d''Azur', 2, 1, 'Eazzy', 'Khaki');
insert into vehiculo (id_vehiculo, tipo_vehiculo, placa, referencia, modelo, puertas, estado, capacidad, sunroof, motor, color) values (72, 'Mustang', '5N1AN0NW7FN862531', 'Ford', 2012, 4, null, 4, 2, 'Quire', 'Green');
insert into vehiculo (id_vehiculo, tipo_vehiculo, placa, referencia, modelo, puertas, estado, capacidad, sunroof, motor, color) values (73, 'Escalade EXT', 'KNAGG4A88A5668250', 'Cadillac', 2009, 2, 'Mexico', 5, 1, 'Babblestorm', 'Orange');
insert into vehiculo (id_vehiculo, tipo_vehiculo, placa, referencia, modelo, puertas, estado, capacidad, sunroof, motor, color) values (74, 'RVR', 'YV126MFC9F1897901', 'Mitsubishi', 1992, 4, null, 2, 1, 'Wordtune', 'Turquoise');
insert into vehiculo (id_vehiculo, tipo_vehiculo, placa, referencia, modelo, puertas, estado, capacidad, sunroof, motor, color) values (75, 'Rio', '1J4NF1GB2AD310351', 'Kia', 2006, 2, null, 5, 1, 'Fatz', 'Maroon');
insert into vehiculo (id_vehiculo, tipo_vehiculo, placa, referencia, modelo, puertas, estado, capacidad, sunroof, motor, color) values (76, 'RSX', '1G6DH577990467766', 'Acura', 2005, 3, 'Île-de-France', 3, 2, 'Divavu', 'Pink');
insert into vehiculo (id_vehiculo, tipo_vehiculo, placa, referencia, modelo, puertas, estado, capacidad, sunroof, motor, color) values (77, 'Fox', '19UUA9F29EA945320', 'Volkswagen', 1989, 2, null, 4, 1, 'Demivee', 'Indigo');
insert into vehiculo (id_vehiculo, tipo_vehiculo, placa, referencia, modelo, puertas, estado, capacidad, sunroof, motor, color) values (78, 'Millenia', '1GYFC26279R030315', 'Mazda', 2002, 4, 'Braga', 5, 2, 'Fanoodle', 'Teal');
insert into vehiculo (id_vehiculo, tipo_vehiculo, placa, referencia, modelo, puertas, estado, capacidad, sunroof, motor, color) values (79, 'Civic', 'JTDBT4K32C1324015', 'Honda', 2000, 1, null, 5, 1, 'Brainsphere', 'Blue');
insert into vehiculo (id_vehiculo, tipo_vehiculo, placa, referencia, modelo, puertas, estado, capacidad, sunroof, motor, color) values (80, 'Fifth Ave', 'WAULD54B03N115471', 'Chrysler', 1993, 2, 'Ontario', 1, 2, 'Yodo', 'Teal');
insert into vehiculo (id_vehiculo, tipo_vehiculo, placa, referencia, modelo, puertas, estado, capacidad, sunroof, motor, color) values (81, 'Ranger', 'WAUEFAFL7FA239878', 'Ford', 1999, 3, null, 5, 1, 'Jaxnation', 'Violet');
insert into vehiculo (id_vehiculo, tipo_vehiculo, placa, referencia, modelo, puertas, estado, capacidad, sunroof, motor, color) values (82, 'Tribute', '1G6DC5E55C0545743', 'Mazda', 2002, 4, null, 5, 1, 'Yakidoo', 'Violet');
insert into vehiculo (id_vehiculo, tipo_vehiculo, placa, referencia, modelo, puertas, estado, capacidad, sunroof, motor, color) values (83, 'Grand Caravan', 'WBA3N9C58EK149890', 'Dodge', 2005, 4, 'Florida', 3, 1, 'Twitterbridge', 'Crimson');
insert into vehiculo (id_vehiculo, tipo_vehiculo, placa, referencia, modelo, puertas, estado, capacidad, sunroof, motor, color) values (84, 'Shadow', 'WAUGL68E55A395655', 'Dodge', 1994, 4, null, 3, 1, 'Mymm', 'Teal');
insert into vehiculo (id_vehiculo, tipo_vehiculo, placa, referencia, modelo, puertas, estado, capacidad, sunroof, motor, color) values (85, 'Achieva', 'WBAUN13508V346481', 'Oldsmobile', 1993, 2, null, 2, 1, 'Wikido', 'Purple');
insert into vehiculo (id_vehiculo, tipo_vehiculo, placa, referencia, modelo, puertas, estado, capacidad, sunroof, motor, color) values (86, 'L300', 'SCFEBBBC6AG623684', 'Mitsubishi', 1988, 4, null, 1, 1, 'Skinder', 'Pink');
insert into vehiculo (id_vehiculo, tipo_vehiculo, placa, referencia, modelo, puertas, estado, capacidad, sunroof, motor, color) values (87, 'Forester', '3N1CN7AP6DL484612', 'Subaru', 2006, 1, 'Poitou-Charentes', 6, 1, 'Yodo', 'Teal');
insert into vehiculo (id_vehiculo, tipo_vehiculo, placa, referencia, modelo, puertas, estado, capacidad, sunroof, motor, color) values (88, 'Accent', '4T1BF1FK0EU419838', 'Hyundai', 2001, 1, null, 3, 2, 'Browsebug', 'Aquamarine');
insert into vehiculo (id_vehiculo, tipo_vehiculo, placa, referencia, modelo, puertas, estado, capacidad, sunroof, motor, color) values (89, 'S80', '1FMCU0D79AK906154', 'Volvo', 1999, 2, null, 5, 2, 'Skyble', 'Pink');
insert into vehiculo (id_vehiculo, tipo_vehiculo, placa, referencia, modelo, puertas, estado, capacidad, sunroof, motor, color) values (90, '88', 'WBAYE8C54FD983290', 'Oldsmobile', 1992, 2, 'Calabria', 1, 2, 'Skinder', 'Teal');
insert into vehiculo (id_vehiculo, tipo_vehiculo, placa, referencia, modelo, puertas, estado, capacidad, sunroof, motor, color) values (91, 'S10', '5TDBKRFH6FS437575', 'Chevrolet', 1996, 4, 'Nova Scotia', 6, 2, 'Kanoodle', 'Red');
insert into vehiculo (id_vehiculo, tipo_vehiculo, placa, referencia, modelo, puertas, estado, capacidad, sunroof, motor, color) values (92, 'Mazda3', 'KNDJT2A10A7940550', 'Mazda', 2012, 1, null, 6, 2, 'Lajo', 'Yellow');
insert into vehiculo (id_vehiculo, tipo_vehiculo, placa, referencia, modelo, puertas, estado, capacidad, sunroof, motor, color) values (93, 'Aerostar', 'WAUDFAFL1BN388592', 'Ford', 1991, 2, null, 3, 1, 'Yakijo', 'Khaki');
insert into vehiculo (id_vehiculo, tipo_vehiculo, placa, referencia, modelo, puertas, estado, capacidad, sunroof, motor, color) values (94, 'Prizm', '1FTEW1CW5AK881369', 'Geo', 1992, 3, null, 3, 1, 'Mymm', 'Orange');
insert into vehiculo (id_vehiculo, tipo_vehiculo, placa, referencia, modelo, puertas, estado, capacidad, sunroof, motor, color) values (95, 'LaCrosse', '1G6AA5RX9E0035841', 'Buick', 2010, 4, null, 1, 2, 'Skyba', 'Mauv');
insert into vehiculo (id_vehiculo, tipo_vehiculo, placa, referencia, modelo, puertas, estado, capacidad, sunroof, motor, color) values (96, 'Endeavor', '1G4GA5EC6BF601629', 'Mitsubishi', 2009, 2, null, 2, 1, 'Rhyloo', 'Yellow');
insert into vehiculo (id_vehiculo, tipo_vehiculo, placa, referencia, modelo, puertas, estado, capacidad, sunroof, motor, color) values (97, 'Sprinter 2500', '1G4HF5EM0AU847861', 'Mercedes-Benz', 2012, 3, null, 1, 1, 'Yakidoo', 'Crimson');
insert into vehiculo (id_vehiculo, tipo_vehiculo, placa, referencia, modelo, puertas, estado, capacidad, sunroof, motor, color) values (98, 'Century', '1C3CDFCB5ED986244', 'Buick', 1985, 1, null, 6, 1, 'Realcube', 'Mauv');
insert into vehiculo (id_vehiculo, tipo_vehiculo, placa, referencia, modelo, puertas, estado, capacidad, sunroof, motor, color) values (99, 'Ram 2500', 'JN8AE2KP7D9634620', 'Dodge', 1998, 4, null, 5, 1, 'Shufflester', 'Teal');
insert into vehiculo (id_vehiculo, tipo_vehiculo, placa, referencia, modelo, puertas, estado, capacidad, sunroof, motor, color) values (100, 'Park Avenue', 'WBANN73576B354048', 'Buick', 2003, 4, null, 3, 2, 'Omba', 'Red');

insert into alquiler (id_alquiler, fecha_salida, fecha_llegada, fecha_esperada_llegada, valor_semana, valor_dia, porcentaje_descuento, valor_cotizado, valor_pagado, id_vehiculo, id_cliente, id_empleado, id_sucursal_salida, id_sucursal_llegada) values (1, '2024-04-27', '2023-09-18', '2024-04-23', 7734, 8564, 9788, 3641, 9332, 1, 1, 1, 3, 3);
insert into alquiler (id_alquiler, fecha_salida, fecha_llegada, fecha_esperada_llegada, valor_semana, valor_dia, porcentaje_descuento, valor_cotizado, valor_pagado, id_vehiculo, id_cliente, id_empleado, id_sucursal_salida, id_sucursal_llegada) values (2, '2024-06-16', '2024-06-08', '2024-03-17', 5125, 6628, 2056, 1168, 7883, 2, 2, 2, 3, 3);
insert into alquiler (id_alquiler, fecha_salida, fecha_llegada, fecha_esperada_llegada, valor_semana, valor_dia, porcentaje_descuento, valor_cotizado, valor_pagado, id_vehiculo, id_cliente, id_empleado, id_sucursal_salida, id_sucursal_llegada) values (3, '2023-11-01', '2024-01-02', '2023-09-19', 3819, 7294, 9061, 3251, 8115, 3, 3, 3, 3, 4);
insert into alquiler (id_alquiler, fecha_salida, fecha_llegada, fecha_esperada_llegada, valor_semana, valor_dia, porcentaje_descuento, valor_cotizado, valor_pagado, id_vehiculo, id_cliente, id_empleado, id_sucursal_salida, id_sucursal_llegada) values (4, '2024-06-19', '2023-09-18', '2024-02-13', 4587, 4402, 5472, 3765, 6579, 4, 4, 4, 3, 5);
insert into alquiler (id_alquiler, fecha_salida, fecha_llegada, fecha_esperada_llegada, valor_semana, valor_dia, porcentaje_descuento, valor_cotizado, valor_pagado, id_vehiculo, id_cliente, id_empleado, id_sucursal_salida, id_sucursal_llegada) values (5, '2024-05-11', '2024-03-29', '2024-04-17', 9813, 7353, 4011, 9695, 4262, 5, 5, 5, 1, 2);
insert into alquiler (id_alquiler, fecha_salida, fecha_llegada, fecha_esperada_llegada, valor_semana, valor_dia, porcentaje_descuento, valor_cotizado, valor_pagado, id_vehiculo, id_cliente, id_empleado, id_sucursal_salida, id_sucursal_llegada) values (6, '2023-10-23', '2023-11-12', '2023-08-14', 1989, 3625, 3732, 6047, 3843, 6, 6, 6, 2, 4);
insert into alquiler (id_alquiler, fecha_salida, fecha_llegada, fecha_esperada_llegada, valor_semana, valor_dia, porcentaje_descuento, valor_cotizado, valor_pagado, id_vehiculo, id_cliente, id_empleado, id_sucursal_salida, id_sucursal_llegada) values (7, '2023-11-29', '2023-11-07', '2024-02-17', 7299, 5198, 7691, 5167, 3799, 7, 7, 7, 1, 4);
insert into alquiler (id_alquiler, fecha_salida, fecha_llegada, fecha_esperada_llegada, valor_semana, valor_dia, porcentaje_descuento, valor_cotizado, valor_pagado, id_vehiculo, id_cliente, id_empleado, id_sucursal_salida, id_sucursal_llegada) values (8, '2023-09-08', '2023-08-04', '2023-08-23', 7863, 2871, 2939, 4713, 4090, 8, 8, 8, 5, 5);
insert into alquiler (id_alquiler, fecha_salida, fecha_llegada, fecha_esperada_llegada, valor_semana, valor_dia, porcentaje_descuento, valor_cotizado, valor_pagado, id_vehiculo, id_cliente, id_empleado, id_sucursal_salida, id_sucursal_llegada) values (9, '2024-05-05', '2024-03-20', '2024-04-14', 8334, 9191, 5981, 5557, 9928, 9, 9, 9, 1, 5);
insert into alquiler (id_alquiler, fecha_salida, fecha_llegada, fecha_esperada_llegada, valor_semana, valor_dia, porcentaje_descuento, valor_cotizado, valor_pagado, id_vehiculo, id_cliente, id_empleado, id_sucursal_salida, id_sucursal_llegada) values (10, '2023-07-23', '2023-11-12', '2023-12-19', 3087, 8595, 7710, 9745, 8789, 10, 10, 10, 3, 2);
insert into alquiler (id_alquiler, fecha_salida, fecha_llegada, fecha_esperada_llegada, valor_semana, valor_dia, porcentaje_descuento, valor_cotizado, valor_pagado, id_vehiculo, id_cliente, id_empleado, id_sucursal_salida, id_sucursal_llegada) values (11, '2024-01-04', '2023-10-26', '2024-03-06', 2519, 2364, 4025, 9234, 4183, 11, 11, 11, 5, 3);
insert into alquiler (id_alquiler, fecha_salida, fecha_llegada, fecha_esperada_llegada, valor_semana, valor_dia, porcentaje_descuento, valor_cotizado, valor_pagado, id_vehiculo, id_cliente, id_empleado, id_sucursal_salida, id_sucursal_llegada) values (12, '2024-06-23', '2023-09-23', '2024-03-17', 5677, 3037, 2932, 2435, 7704, 12, 12, 12, 2, 1);
insert into alquiler (id_alquiler, fecha_salida, fecha_llegada, fecha_esperada_llegada, valor_semana, valor_dia, porcentaje_descuento, valor_cotizado, valor_pagado, id_vehiculo, id_cliente, id_empleado, id_sucursal_salida, id_sucursal_llegada) values (13, '2024-04-12', '2024-01-27', '2023-10-21', 1397, 1323, 6002, 3622, 9938, 13, 13, 13, 2, 5);
insert into alquiler (id_alquiler, fecha_salida, fecha_llegada, fecha_esperada_llegada, valor_semana, valor_dia, porcentaje_descuento, valor_cotizado, valor_pagado, id_vehiculo, id_cliente, id_empleado, id_sucursal_salida, id_sucursal_llegada) values (14, '2024-01-19', '2024-05-12', '2024-05-04', 3262, 3684, 9981, 3806, 2641, 14, 14, 14, 2, 5);
insert into alquiler (id_alquiler, fecha_salida, fecha_llegada, fecha_esperada_llegada, valor_semana, valor_dia, porcentaje_descuento, valor_cotizado, valor_pagado, id_vehiculo, id_cliente, id_empleado, id_sucursal_salida, id_sucursal_llegada) values (15, '2024-05-04', '2023-07-04', '2024-03-16', 1265, 5974, 5778, 7319, 7776, 15, 15, 15, 2, 4);
insert into alquiler (id_alquiler, fecha_salida, fecha_llegada, fecha_esperada_llegada, valor_semana, valor_dia, porcentaje_descuento, valor_cotizado, valor_pagado, id_vehiculo, id_cliente, id_empleado, id_sucursal_salida, id_sucursal_llegada) values (16, '2024-02-18', '2024-04-08', '2023-10-01', 1061, 9334, 5499, 7707, 1578, 16, 16, 16, 4, 5);
insert into alquiler (id_alquiler, fecha_salida, fecha_llegada, fecha_esperada_llegada, valor_semana, valor_dia, porcentaje_descuento, valor_cotizado, valor_pagado, id_vehiculo, id_cliente, id_empleado, id_sucursal_salida, id_sucursal_llegada) values (17, '2023-11-24', '2023-10-31', '2023-07-18', 1378, 7842, 2574, 7309, 8828, 17, 17, 17, 3, 1);
insert into alquiler (id_alquiler, fecha_salida, fecha_llegada, fecha_esperada_llegada, valor_semana, valor_dia, porcentaje_descuento, valor_cotizado, valor_pagado, id_vehiculo, id_cliente, id_empleado, id_sucursal_salida, id_sucursal_llegada) values (18, '2023-07-21', '2024-05-13', '2024-01-20', 9115, 1514, 2893, 5915, 4267, 18, 18, 18, 1, 5);
insert into alquiler (id_alquiler, fecha_salida, fecha_llegada, fecha_esperada_llegada, valor_semana, valor_dia, porcentaje_descuento, valor_cotizado, valor_pagado, id_vehiculo, id_cliente, id_empleado, id_sucursal_salida, id_sucursal_llegada) values (19, '2023-10-22', '2023-12-02', '2023-08-26', 9630, 4101, 7103, 7180, 8231, 19, 19, 19, 3, 5);
insert into alquiler (id_alquiler, fecha_salida, fecha_llegada, fecha_esperada_llegada, valor_semana, valor_dia, porcentaje_descuento, valor_cotizado, valor_pagado, id_vehiculo, id_cliente, id_empleado, id_sucursal_salida, id_sucursal_llegada) values (20, '2024-04-29', '2023-07-18', '2024-02-19', 1718, 5125, 2298, 7426, 6159, 20, 20, 20, 4, 5);
insert into alquiler (id_alquiler, fecha_salida, fecha_llegada, fecha_esperada_llegada, valor_semana, valor_dia, porcentaje_descuento, valor_cotizado, valor_pagado, id_vehiculo, id_cliente, id_empleado, id_sucursal_salida, id_sucursal_llegada) values (21, '2023-11-15', '2023-08-22', '2024-06-19', 1747, 7413, 4145, 9201, 2021, 21, 21, 21, 3, 5);
insert into alquiler (id_alquiler, fecha_salida, fecha_llegada, fecha_esperada_llegada, valor_semana, valor_dia, porcentaje_descuento, valor_cotizado, valor_pagado, id_vehiculo, id_cliente, id_empleado, id_sucursal_salida, id_sucursal_llegada) values (22, '2023-08-05', '2023-09-23', '2024-04-06', 2468, 7417, 3010, 3196, 6210, 22, 22, 22, 2, 1);
insert into alquiler (id_alquiler, fecha_salida, fecha_llegada, fecha_esperada_llegada, valor_semana, valor_dia, porcentaje_descuento, valor_cotizado, valor_pagado, id_vehiculo, id_cliente, id_empleado, id_sucursal_salida, id_sucursal_llegada) values (23, '2024-03-07', '2023-11-03', '2024-01-29', 6539, 3281, 9432, 8551, 3456, 23, 23, 23, 5, 1);
insert into alquiler (id_alquiler, fecha_salida, fecha_llegada, fecha_esperada_llegada, valor_semana, valor_dia, porcentaje_descuento, valor_cotizado, valor_pagado, id_vehiculo, id_cliente, id_empleado, id_sucursal_salida, id_sucursal_llegada) values (24, '2023-09-22', '2024-02-08', '2024-01-04', 8047, 4095, 7810, 8048, 9106, 24, 24, 24, 4, 3);
insert into alquiler (id_alquiler, fecha_salida, fecha_llegada, fecha_esperada_llegada, valor_semana, valor_dia, porcentaje_descuento, valor_cotizado, valor_pagado, id_vehiculo, id_cliente, id_empleado, id_sucursal_salida, id_sucursal_llegada) values (25, '2023-08-27', '2024-02-07', '2024-05-22', 5202, 5227, 4282, 5606, 6819, 25, 25, 25, 5, 1);
insert into alquiler (id_alquiler, fecha_salida, fecha_llegada, fecha_esperada_llegada, valor_semana, valor_dia, porcentaje_descuento, valor_cotizado, valor_pagado, id_vehiculo, id_cliente, id_empleado, id_sucursal_salida, id_sucursal_llegada) values (26, '2024-03-22', '2023-12-15', '2024-05-27', 3318, 4210, 6338, 9023, 2192, 26, 26, 26, 5, 2);
insert into alquiler (id_alquiler, fecha_salida, fecha_llegada, fecha_esperada_llegada, valor_semana, valor_dia, porcentaje_descuento, valor_cotizado, valor_pagado, id_vehiculo, id_cliente, id_empleado, id_sucursal_salida, id_sucursal_llegada) values (27, '2023-12-05', '2024-04-22', '2023-06-27', 5984, 3204, 7953, 2591, 1194, 27, 27, 27, 5, 3);
insert into alquiler (id_alquiler, fecha_salida, fecha_llegada, fecha_esperada_llegada, valor_semana, valor_dia, porcentaje_descuento, valor_cotizado, valor_pagado, id_vehiculo, id_cliente, id_empleado, id_sucursal_salida, id_sucursal_llegada) values (28, '2024-01-08', '2024-05-16', '2023-07-04', 5671, 7077, 7874, 5254, 7329, 28, 28, 28, 3, 3);
insert into alquiler (id_alquiler, fecha_salida, fecha_llegada, fecha_esperada_llegada, valor_semana, valor_dia, porcentaje_descuento, valor_cotizado, valor_pagado, id_vehiculo, id_cliente, id_empleado, id_sucursal_salida, id_sucursal_llegada) values (29, '2023-06-28', '2024-02-19', '2024-06-11', 1008, 8905, 4138, 8451, 7287, 29, 29, 29, 1, 2);
insert into alquiler (id_alquiler, fecha_salida, fecha_llegada, fecha_esperada_llegada, valor_semana, valor_dia, porcentaje_descuento, valor_cotizado, valor_pagado, id_vehiculo, id_cliente, id_empleado, id_sucursal_salida, id_sucursal_llegada) values (30, '2023-07-28', '2024-04-07', '2024-06-14', 4356, 2172, 5091, 6774, 5288, 30, 30, 30, 2, 5);
insert into alquiler (id_alquiler, fecha_salida, fecha_llegada, fecha_esperada_llegada, valor_semana, valor_dia, porcentaje_descuento, valor_cotizado, valor_pagado, id_vehiculo, id_cliente, id_empleado, id_sucursal_salida, id_sucursal_llegada) values (31, '2023-10-30', '2023-10-23', '2024-02-06', 6116, 2269, 3925, 8779, 4905, 31, 31, 31, 3, 3);
insert into alquiler (id_alquiler, fecha_salida, fecha_llegada, fecha_esperada_llegada, valor_semana, valor_dia, porcentaje_descuento, valor_cotizado, valor_pagado, id_vehiculo, id_cliente, id_empleado, id_sucursal_salida, id_sucursal_llegada) values (32, '2023-08-16', '2023-12-28', '2024-03-10', 5472, 7142, 6021, 3850, 1035, 32, 32, 32, 2, 1);
insert into alquiler (id_alquiler, fecha_salida, fecha_llegada, fecha_esperada_llegada, valor_semana, valor_dia, porcentaje_descuento, valor_cotizado, valor_pagado, id_vehiculo, id_cliente, id_empleado, id_sucursal_salida, id_sucursal_llegada) values (33, '2024-04-19', '2023-07-03', '2024-01-28', 4448, 4325, 8162, 1663, 7844, 33, 33, 33, 3, 5);
insert into alquiler (id_alquiler, fecha_salida, fecha_llegada, fecha_esperada_llegada, valor_semana, valor_dia, porcentaje_descuento, valor_cotizado, valor_pagado, id_vehiculo, id_cliente, id_empleado, id_sucursal_salida, id_sucursal_llegada) values (34, '2023-09-03', '2024-05-21', '2024-02-09', 7341, 7409, 1358, 9182, 5896, 34, 34, 34, 3, 4);
insert into alquiler (id_alquiler, fecha_salida, fecha_llegada, fecha_esperada_llegada, valor_semana, valor_dia, porcentaje_descuento, valor_cotizado, valor_pagado, id_vehiculo, id_cliente, id_empleado, id_sucursal_salida, id_sucursal_llegada) values (35, '2023-08-19', '2023-08-12', '2024-05-26', 5417, 8161, 8956, 1618, 1070, 35, 35, 35, 4, 3);
insert into alquiler (id_alquiler, fecha_salida, fecha_llegada, fecha_esperada_llegada, valor_semana, valor_dia, porcentaje_descuento, valor_cotizado, valor_pagado, id_vehiculo, id_cliente, id_empleado, id_sucursal_salida, id_sucursal_llegada) values (36, '2024-01-16', '2023-08-03', '2024-05-27', 3619, 6571, 3296, 6770, 3090, 36, 36, 36, 5, 3);
insert into alquiler (id_alquiler, fecha_salida, fecha_llegada, fecha_esperada_llegada, valor_semana, valor_dia, porcentaje_descuento, valor_cotizado, valor_pagado, id_vehiculo, id_cliente, id_empleado, id_sucursal_salida, id_sucursal_llegada) values (37, '2023-12-09', '2024-03-06', '2024-02-29', 9685, 4275, 9215, 1220, 9543, 37, 37, 37, 5, 5);
insert into alquiler (id_alquiler, fecha_salida, fecha_llegada, fecha_esperada_llegada, valor_semana, valor_dia, porcentaje_descuento, valor_cotizado, valor_pagado, id_vehiculo, id_cliente, id_empleado, id_sucursal_salida, id_sucursal_llegada) values (38, '2024-02-27', '2024-02-24', '2023-11-20', 8162, 9799, 6718, 2721, 2734, 38, 38, 38, 3, 3);
insert into alquiler (id_alquiler, fecha_salida, fecha_llegada, fecha_esperada_llegada, valor_semana, valor_dia, porcentaje_descuento, valor_cotizado, valor_pagado, id_vehiculo, id_cliente, id_empleado, id_sucursal_salida, id_sucursal_llegada) values (39, '2024-05-20', '2024-05-31', '2024-01-21', 2174, 3537, 3031, 3241, 2493, 39, 39, 39, 3, 2);
insert into alquiler (id_alquiler, fecha_salida, fecha_llegada, fecha_esperada_llegada, valor_semana, valor_dia, porcentaje_descuento, valor_cotizado, valor_pagado, id_vehiculo, id_cliente, id_empleado, id_sucursal_salida, id_sucursal_llegada) values (40, '2024-01-03', '2024-06-15', '2024-02-29', 1304, 3906, 7383, 3302, 8178, 40, 40, 40, 5, 4);
insert into alquiler (id_alquiler, fecha_salida, fecha_llegada, fecha_esperada_llegada, valor_semana, valor_dia, porcentaje_descuento, valor_cotizado, valor_pagado, id_vehiculo, id_cliente, id_empleado, id_sucursal_salida, id_sucursal_llegada) values (41, '2024-01-28', '2024-02-17', '2023-09-06', 9307, 4863, 9055, 2177, 6620, 41, 41, 41, 3, 2);
insert into alquiler (id_alquiler, fecha_salida, fecha_llegada, fecha_esperada_llegada, valor_semana, valor_dia, porcentaje_descuento, valor_cotizado, valor_pagado, id_vehiculo, id_cliente, id_empleado, id_sucursal_salida, id_sucursal_llegada) values (42, '2024-01-02', '2024-05-31', '2023-07-17', 5125, 1836, 3363, 5945, 2360, 42, 42, 42, 3, 1);
insert into alquiler (id_alquiler, fecha_salida, fecha_llegada, fecha_esperada_llegada, valor_semana, valor_dia, porcentaje_descuento, valor_cotizado, valor_pagado, id_vehiculo, id_cliente, id_empleado, id_sucursal_salida, id_sucursal_llegada) values (43, '2024-04-15', '2023-12-31', '2023-07-22', 3945, 1805, 6900, 6246, 1194, 43, 43, 43, 2, 1);
insert into alquiler (id_alquiler, fecha_salida, fecha_llegada, fecha_esperada_llegada, valor_semana, valor_dia, porcentaje_descuento, valor_cotizado, valor_pagado, id_vehiculo, id_cliente, id_empleado, id_sucursal_salida, id_sucursal_llegada) values (44, '2023-10-25', '2024-01-11', '2023-10-23', 5316, 5174, 2174, 2048, 7800, 44, 44, 44, 1, 3);
insert into alquiler (id_alquiler, fecha_salida, fecha_llegada, fecha_esperada_llegada, valor_semana, valor_dia, porcentaje_descuento, valor_cotizado, valor_pagado, id_vehiculo, id_cliente, id_empleado, id_sucursal_salida, id_sucursal_llegada) values (45, '2023-08-08', '2024-04-02', '2023-10-24', 3293, 6247, 9183, 5733, 4025, 45, 45, 45, 5, 4);
insert into alquiler (id_alquiler, fecha_salida, fecha_llegada, fecha_esperada_llegada, valor_semana, valor_dia, porcentaje_descuento, valor_cotizado, valor_pagado, id_vehiculo, id_cliente, id_empleado, id_sucursal_salida, id_sucursal_llegada) values (46, '2024-06-25', '2023-10-04', '2023-08-09', 7987, 6466, 1028, 2944, 7769, 46, 46, 46, 5, 3);
insert into alquiler (id_alquiler, fecha_salida, fecha_llegada, fecha_esperada_llegada, valor_semana, valor_dia, porcentaje_descuento, valor_cotizado, valor_pagado, id_vehiculo, id_cliente, id_empleado, id_sucursal_salida, id_sucursal_llegada) values (47, '2023-12-20', '2024-05-09', '2024-05-11', 2337, 1887, 8246, 9084, 8897, 47, 47, 47, 3, 5);
insert into alquiler (id_alquiler, fecha_salida, fecha_llegada, fecha_esperada_llegada, valor_semana, valor_dia, porcentaje_descuento, valor_cotizado, valor_pagado, id_vehiculo, id_cliente, id_empleado, id_sucursal_salida, id_sucursal_llegada) values (48, '2023-12-08', '2023-12-17', '2023-12-18', 1996, 2594, 7487, 2738, 1038, 48, 48, 48, 2, 5);
insert into alquiler (id_alquiler, fecha_salida, fecha_llegada, fecha_esperada_llegada, valor_semana, valor_dia, porcentaje_descuento, valor_cotizado, valor_pagado, id_vehiculo, id_cliente, id_empleado, id_sucursal_salida, id_sucursal_llegada) values (49, '2023-07-08', '2023-08-12', '2024-04-10', 8786, 1955, 5527, 6596, 5455, 49, 49, 49, 3, 1);
insert into alquiler (id_alquiler, fecha_salida, fecha_llegada, fecha_esperada_llegada, valor_semana, valor_dia, porcentaje_descuento, valor_cotizado, valor_pagado, id_vehiculo, id_cliente, id_empleado, id_sucursal_salida, id_sucursal_llegada) values (50, '2024-05-30', '2024-05-06', '2023-07-18', 7781, 5753, 5697, 3680, 9360, 50, 50, 50, 1, 2);
insert into alquiler (id_alquiler, fecha_salida, fecha_llegada, fecha_esperada_llegada, valor_semana, valor_dia, porcentaje_descuento, valor_cotizado, valor_pagado, id_vehiculo, id_cliente, id_empleado, id_sucursal_salida, id_sucursal_llegada) values (51, '2024-01-06', '2024-02-24', '2024-02-07', 3568, 4278, 7787, 1298, 2392, 51, 51, 51, 1, 2);
insert into alquiler (id_alquiler, fecha_salida, fecha_llegada, fecha_esperada_llegada, valor_semana, valor_dia, porcentaje_descuento, valor_cotizado, valor_pagado, id_vehiculo, id_cliente, id_empleado, id_sucursal_salida, id_sucursal_llegada) values (52, '2024-03-12', '2023-12-03', '2024-01-30', 9272, 2409, 5371, 5430, 6734, 52, 52, 52, 4, 5);
insert into alquiler (id_alquiler, fecha_salida, fecha_llegada, fecha_esperada_llegada, valor_semana, valor_dia, porcentaje_descuento, valor_cotizado, valor_pagado, id_vehiculo, id_cliente, id_empleado, id_sucursal_salida, id_sucursal_llegada) values (53, '2024-04-21', '2023-12-18', '2024-03-08', 7114, 9981, 4862, 7920, 9315, 53, 53, 53, 5, 3);
insert into alquiler (id_alquiler, fecha_salida, fecha_llegada, fecha_esperada_llegada, valor_semana, valor_dia, porcentaje_descuento, valor_cotizado, valor_pagado, id_vehiculo, id_cliente, id_empleado, id_sucursal_salida, id_sucursal_llegada) values (54, '2023-08-21', '2023-08-12', '2024-03-06', 3479, 2860, 3433, 1478, 7984, 54, 54, 54, 1, 5);
insert into alquiler (id_alquiler, fecha_salida, fecha_llegada, fecha_esperada_llegada, valor_semana, valor_dia, porcentaje_descuento, valor_cotizado, valor_pagado, id_vehiculo, id_cliente, id_empleado, id_sucursal_salida, id_sucursal_llegada) values (55, '2023-08-11', '2023-11-07', '2024-03-09', 8944, 6656, 5853, 6819, 2132, 55, 55, 55, 3, 5);
insert into alquiler (id_alquiler, fecha_salida, fecha_llegada, fecha_esperada_llegada, valor_semana, valor_dia, porcentaje_descuento, valor_cotizado, valor_pagado, id_vehiculo, id_cliente, id_empleado, id_sucursal_salida, id_sucursal_llegada) values (56, '2024-05-24', '2023-10-08', '2023-11-22', 3491, 2776, 7565, 4109, 5745, 56, 56, 56, 5, 3);
insert into alquiler (id_alquiler, fecha_salida, fecha_llegada, fecha_esperada_llegada, valor_semana, valor_dia, porcentaje_descuento, valor_cotizado, valor_pagado, id_vehiculo, id_cliente, id_empleado, id_sucursal_salida, id_sucursal_llegada) values (57, '2024-04-16', '2024-01-19', '2024-02-05', 3685, 4589, 5262, 9114, 7380, 57, 57, 57, 2, 5);
insert into alquiler (id_alquiler, fecha_salida, fecha_llegada, fecha_esperada_llegada, valor_semana, valor_dia, porcentaje_descuento, valor_cotizado, valor_pagado, id_vehiculo, id_cliente, id_empleado, id_sucursal_salida, id_sucursal_llegada) values (58, '2023-10-24', '2024-06-07', '2024-03-05', 8255, 9941, 2727, 7858, 8260, 58, 58, 58, 4, 2);
insert into alquiler (id_alquiler, fecha_salida, fecha_llegada, fecha_esperada_llegada, valor_semana, valor_dia, porcentaje_descuento, valor_cotizado, valor_pagado, id_vehiculo, id_cliente, id_empleado, id_sucursal_salida, id_sucursal_llegada) values (59, '2024-06-04', '2023-08-08', '2023-09-08', 2334, 6696, 8258, 2738, 8382, 59, 59, 59, 4, 3);
insert into alquiler (id_alquiler, fecha_salida, fecha_llegada, fecha_esperada_llegada, valor_semana, valor_dia, porcentaje_descuento, valor_cotizado, valor_pagado, id_vehiculo, id_cliente, id_empleado, id_sucursal_salida, id_sucursal_llegada) values (60, '2024-06-20', '2024-03-04', '2023-10-22', 4069, 7169, 1844, 2345, 9820, 60, 60, 60, 3, 3);
insert into alquiler (id_alquiler, fecha_salida, fecha_llegada, fecha_esperada_llegada, valor_semana, valor_dia, porcentaje_descuento, valor_cotizado, valor_pagado, id_vehiculo, id_cliente, id_empleado, id_sucursal_salida, id_sucursal_llegada) values (61, '2024-03-18', '2023-12-09', '2023-12-19', 7298, 5780, 2048, 3529, 7199, 61, 61, 61, 4, 3);
insert into alquiler (id_alquiler, fecha_salida, fecha_llegada, fecha_esperada_llegada, valor_semana, valor_dia, porcentaje_descuento, valor_cotizado, valor_pagado, id_vehiculo, id_cliente, id_empleado, id_sucursal_salida, id_sucursal_llegada) values (62, '2023-09-03', '2024-04-19', '2023-08-25', 8846, 3741, 2320, 5033, 1675, 62, 62, 62, 5, 2);
insert into alquiler (id_alquiler, fecha_salida, fecha_llegada, fecha_esperada_llegada, valor_semana, valor_dia, porcentaje_descuento, valor_cotizado, valor_pagado, id_vehiculo, id_cliente, id_empleado, id_sucursal_salida, id_sucursal_llegada) values (63, '2023-07-29', '2023-08-02', '2023-09-14', 9313, 1527, 8892, 8641, 4766, 63, 63, 63, 3, 5);
insert into alquiler (id_alquiler, fecha_salida, fecha_llegada, fecha_esperada_llegada, valor_semana, valor_dia, porcentaje_descuento, valor_cotizado, valor_pagado, id_vehiculo, id_cliente, id_empleado, id_sucursal_salida, id_sucursal_llegada) values (64, '2023-07-03', '2023-11-11', '2023-11-19', 9979, 2148, 6812, 1656, 4357, 64, 64, 64, 2, 1);
insert into alquiler (id_alquiler, fecha_salida, fecha_llegada, fecha_esperada_llegada, valor_semana, valor_dia, porcentaje_descuento, valor_cotizado, valor_pagado, id_vehiculo, id_cliente, id_empleado, id_sucursal_salida, id_sucursal_llegada) values (65, '2024-05-19', '2023-09-25', '2023-06-26', 2856, 5701, 4042, 3819, 2563, 65, 65, 65, 4, 2);
insert into alquiler (id_alquiler, fecha_salida, fecha_llegada, fecha_esperada_llegada, valor_semana, valor_dia, porcentaje_descuento, valor_cotizado, valor_pagado, id_vehiculo, id_cliente, id_empleado, id_sucursal_salida, id_sucursal_llegada) values (66, '2023-09-01', '2024-06-23', '2023-12-15', 1046, 2760, 4306, 5003, 7166, 66, 66, 66, 1, 2);
insert into alquiler (id_alquiler, fecha_salida, fecha_llegada, fecha_esperada_llegada, valor_semana, valor_dia, porcentaje_descuento, valor_cotizado, valor_pagado, id_vehiculo, id_cliente, id_empleado, id_sucursal_salida, id_sucursal_llegada) values (67, '2023-11-11', '2023-11-05', '2024-02-02', 4695, 5447, 2042, 8727, 4499, 67, 67, 67, 4, 4);
insert into alquiler (id_alquiler, fecha_salida, fecha_llegada, fecha_esperada_llegada, valor_semana, valor_dia, porcentaje_descuento, valor_cotizado, valor_pagado, id_vehiculo, id_cliente, id_empleado, id_sucursal_salida, id_sucursal_llegada) values (68, '2023-09-30', '2023-08-01', '2024-03-10', 7052, 1972, 3536, 5496, 9822, 68, 68, 68, 1, 1);
insert into alquiler (id_alquiler, fecha_salida, fecha_llegada, fecha_esperada_llegada, valor_semana, valor_dia, porcentaje_descuento, valor_cotizado, valor_pagado, id_vehiculo, id_cliente, id_empleado, id_sucursal_salida, id_sucursal_llegada) values (69, '2023-07-11', '2023-09-23', '2024-05-18', 6034, 7750, 3646, 3557, 7012, 69, 69, 69, 3, 2);
insert into alquiler (id_alquiler, fecha_salida, fecha_llegada, fecha_esperada_llegada, valor_semana, valor_dia, porcentaje_descuento, valor_cotizado, valor_pagado, id_vehiculo, id_cliente, id_empleado, id_sucursal_salida, id_sucursal_llegada) values (70, '2023-09-18', '2024-06-25', '2023-11-19', 2070, 9835, 5952, 2969, 8446, 70, 70, 70, 2, 4);
insert into alquiler (id_alquiler, fecha_salida, fecha_llegada, fecha_esperada_llegada, valor_semana, valor_dia, porcentaje_descuento, valor_cotizado, valor_pagado, id_vehiculo, id_cliente, id_empleado, id_sucursal_salida, id_sucursal_llegada) values (71, '2023-08-04', '2024-03-16', '2024-03-13', 8208, 8999, 2078, 6770, 3465, 71, 71, 71, 5, 1);
insert into alquiler (id_alquiler, fecha_salida, fecha_llegada, fecha_esperada_llegada, valor_semana, valor_dia, porcentaje_descuento, valor_cotizado, valor_pagado, id_vehiculo, id_cliente, id_empleado, id_sucursal_salida, id_sucursal_llegada) values (72, '2023-11-29', '2023-11-22', '2024-03-22', 1069, 5310, 9466, 6257, 1296, 72, 72, 72, 4, 1);
insert into alquiler (id_alquiler, fecha_salida, fecha_llegada, fecha_esperada_llegada, valor_semana, valor_dia, porcentaje_descuento, valor_cotizado, valor_pagado, id_vehiculo, id_cliente, id_empleado, id_sucursal_salida, id_sucursal_llegada) values (73, '2023-10-18', '2023-07-21', '2024-03-13', 3273, 4781, 9973, 5123, 9558, 73, 73, 73, 4, 5);
insert into alquiler (id_alquiler, fecha_salida, fecha_llegada, fecha_esperada_llegada, valor_semana, valor_dia, porcentaje_descuento, valor_cotizado, valor_pagado, id_vehiculo, id_cliente, id_empleado, id_sucursal_salida, id_sucursal_llegada) values (74, '2024-04-16', '2024-02-23', '2023-09-10', 1929, 2101, 8145, 4190, 4618, 74, 74, 74, 3, 4);
insert into alquiler (id_alquiler, fecha_salida, fecha_llegada, fecha_esperada_llegada, valor_semana, valor_dia, porcentaje_descuento, valor_cotizado, valor_pagado, id_vehiculo, id_cliente, id_empleado, id_sucursal_salida, id_sucursal_llegada) values (75, '2024-01-05', '2024-02-16', '2024-02-07', 3117, 9819, 9705, 5512, 7785, 75, 75, 75, 3, 1);
insert into alquiler (id_alquiler, fecha_salida, fecha_llegada, fecha_esperada_llegada, valor_semana, valor_dia, porcentaje_descuento, valor_cotizado, valor_pagado, id_vehiculo, id_cliente, id_empleado, id_sucursal_salida, id_sucursal_llegada) values (76, '2023-07-31', '2024-01-28', '2024-01-02', 1924, 6241, 5320, 9491, 9469, 76, 76, 76, 1, 3);
insert into alquiler (id_alquiler, fecha_salida, fecha_llegada, fecha_esperada_llegada, valor_semana, valor_dia, porcentaje_descuento, valor_cotizado, valor_pagado, id_vehiculo, id_cliente, id_empleado, id_sucursal_salida, id_sucursal_llegada) values (77, '2023-06-28', '2023-12-16', '2024-05-26', 3468, 8447, 5655, 4234, 7724, 77, 77, 77, 2, 3);
insert into alquiler (id_alquiler, fecha_salida, fecha_llegada, fecha_esperada_llegada, valor_semana, valor_dia, porcentaje_descuento, valor_cotizado, valor_pagado, id_vehiculo, id_cliente, id_empleado, id_sucursal_salida, id_sucursal_llegada) values (78, '2023-11-24', '2024-03-21', '2024-01-13', 2883, 6726, 4208, 2613, 2192, 78, 78, 78, 5, 5);
insert into alquiler (id_alquiler, fecha_salida, fecha_llegada, fecha_esperada_llegada, valor_semana, valor_dia, porcentaje_descuento, valor_cotizado, valor_pagado, id_vehiculo, id_cliente, id_empleado, id_sucursal_salida, id_sucursal_llegada) values (79, '2023-10-27', '2023-12-09', '2023-11-27', 2609, 7722, 3303, 4047, 4270, 79, 79, 79, 1, 4);
insert into alquiler (id_alquiler, fecha_salida, fecha_llegada, fecha_esperada_llegada, valor_semana, valor_dia, porcentaje_descuento, valor_cotizado, valor_pagado, id_vehiculo, id_cliente, id_empleado, id_sucursal_salida, id_sucursal_llegada) values (80, '2024-04-27', '2023-10-14', '2024-05-15', 3189, 3572, 5657, 9270, 8317, 80, 80, 80, 4, 3);
insert into alquiler (id_alquiler, fecha_salida, fecha_llegada, fecha_esperada_llegada, valor_semana, valor_dia, porcentaje_descuento, valor_cotizado, valor_pagado, id_vehiculo, id_cliente, id_empleado, id_sucursal_salida, id_sucursal_llegada) values (81, '2023-09-20', '2024-05-10', '2023-07-03', 7072, 6452, 4093, 8863, 1855, 81, 81, 81, 1, 5);
insert into alquiler (id_alquiler, fecha_salida, fecha_llegada, fecha_esperada_llegada, valor_semana, valor_dia, porcentaje_descuento, valor_cotizado, valor_pagado, id_vehiculo, id_cliente, id_empleado, id_sucursal_salida, id_sucursal_llegada) values (82, '2023-09-06', '2023-12-10', '2024-02-24', 1253, 9773, 9974, 5475, 9301, 82, 82, 82, 2, 2);
insert into alquiler (id_alquiler, fecha_salida, fecha_llegada, fecha_esperada_llegada, valor_semana, valor_dia, porcentaje_descuento, valor_cotizado, valor_pagado, id_vehiculo, id_cliente, id_empleado, id_sucursal_salida, id_sucursal_llegada) values (83, '2023-12-18', '2023-10-11', '2023-10-23', 2511, 6008, 4426, 4592, 5599, 83, 83, 83, 2, 4);
insert into alquiler (id_alquiler, fecha_salida, fecha_llegada, fecha_esperada_llegada, valor_semana, valor_dia, porcentaje_descuento, valor_cotizado, valor_pagado, id_vehiculo, id_cliente, id_empleado, id_sucursal_salida, id_sucursal_llegada) values (84, '2023-12-15', '2024-03-06', '2024-03-12', 6316, 9834, 2614, 5514, 6376, 84, 84, 84, 3, 1);
insert into alquiler (id_alquiler, fecha_salida, fecha_llegada, fecha_esperada_llegada, valor_semana, valor_dia, porcentaje_descuento, valor_cotizado, valor_pagado, id_vehiculo, id_cliente, id_empleado, id_sucursal_salida, id_sucursal_llegada) values (85, '2024-05-20', '2023-10-04', '2024-01-15', 5170, 5038, 3984, 6581, 2147, 85, 85, 85, 3, 3);
insert into alquiler (id_alquiler, fecha_salida, fecha_llegada, fecha_esperada_llegada, valor_semana, valor_dia, porcentaje_descuento, valor_cotizado, valor_pagado, id_vehiculo, id_cliente, id_empleado, id_sucursal_salida, id_sucursal_llegada) values (86, '2023-10-20', '2023-10-09', '2024-03-19', 5895, 5223, 5647, 4209, 7546, 86, 86, 86, 1, 2);
insert into alquiler (id_alquiler, fecha_salida, fecha_llegada, fecha_esperada_llegada, valor_semana, valor_dia, porcentaje_descuento, valor_cotizado, valor_pagado, id_vehiculo, id_cliente, id_empleado, id_sucursal_salida, id_sucursal_llegada) values (87, '2024-01-21', '2023-10-16', '2024-01-02', 7149, 6866, 2644, 3968, 9366, 87, 87, 87, 1, 2);
insert into alquiler (id_alquiler, fecha_salida, fecha_llegada, fecha_esperada_llegada, valor_semana, valor_dia, porcentaje_descuento, valor_cotizado, valor_pagado, id_vehiculo, id_cliente, id_empleado, id_sucursal_salida, id_sucursal_llegada) values (88, '2023-11-03', '2024-03-31', '2023-09-06', 9402, 8419, 7281, 1969, 6861, 88, 88, 88, 1, 2);
insert into alquiler (id_alquiler, fecha_salida, fecha_llegada, fecha_esperada_llegada, valor_semana, valor_dia, porcentaje_descuento, valor_cotizado, valor_pagado, id_vehiculo, id_cliente, id_empleado, id_sucursal_salida, id_sucursal_llegada) values (89, '2024-06-08', '2024-05-13', '2024-06-16', 4952, 9814, 8866, 4343, 6826, 89, 89, 89, 4, 2);
insert into alquiler (id_alquiler, fecha_salida, fecha_llegada, fecha_esperada_llegada, valor_semana, valor_dia, porcentaje_descuento, valor_cotizado, valor_pagado, id_vehiculo, id_cliente, id_empleado, id_sucursal_salida, id_sucursal_llegada) values (90, '2024-01-23', '2024-02-11', '2023-12-09', 1817, 6044, 7441, 7080, 6506, 90, 90, 90, 4, 5);
insert into alquiler (id_alquiler, fecha_salida, fecha_llegada, fecha_esperada_llegada, valor_semana, valor_dia, porcentaje_descuento, valor_cotizado, valor_pagado, id_vehiculo, id_cliente, id_empleado, id_sucursal_salida, id_sucursal_llegada) values (91, '2023-06-27', '2024-03-04', '2023-09-16', 1679, 7942, 2197, 4163, 7475, 91, 91, 91, 5, 2);
insert into alquiler (id_alquiler, fecha_salida, fecha_llegada, fecha_esperada_llegada, valor_semana, valor_dia, porcentaje_descuento, valor_cotizado, valor_pagado, id_vehiculo, id_cliente, id_empleado, id_sucursal_salida, id_sucursal_llegada) values (92, '2024-03-27', '2024-04-28', '2023-08-31', 2418, 4513, 3298, 4733, 7721, 92, 92, 92, 2, 2);
insert into alquiler (id_alquiler, fecha_salida, fecha_llegada, fecha_esperada_llegada, valor_semana, valor_dia, porcentaje_descuento, valor_cotizado, valor_pagado, id_vehiculo, id_cliente, id_empleado, id_sucursal_salida, id_sucursal_llegada) values (93, '2023-08-12', '2023-08-06', '2024-05-21', 4961, 7476, 1395, 2539, 7113, 93, 93, 93, 1, 1);
insert into alquiler (id_alquiler, fecha_salida, fecha_llegada, fecha_esperada_llegada, valor_semana, valor_dia, porcentaje_descuento, valor_cotizado, valor_pagado, id_vehiculo, id_cliente, id_empleado, id_sucursal_salida, id_sucursal_llegada) values (94, '2023-09-27', '2024-02-28', '2023-12-13', 9425, 5742, 3789, 2666, 8388, 94, 94, 94, 2, 2);
insert into alquiler (id_alquiler, fecha_salida, fecha_llegada, fecha_esperada_llegada, valor_semana, valor_dia, porcentaje_descuento, valor_cotizado, valor_pagado, id_vehiculo, id_cliente, id_empleado, id_sucursal_salida, id_sucursal_llegada) values (95, '2024-05-29', '2023-11-15', '2023-11-22', 4020, 7852, 1102, 7182, 1331, 95, 95, 95, 3, 3);
insert into alquiler (id_alquiler, fecha_salida, fecha_llegada, fecha_esperada_llegada, valor_semana, valor_dia, porcentaje_descuento, valor_cotizado, valor_pagado, id_vehiculo, id_cliente, id_empleado, id_sucursal_salida, id_sucursal_llegada) values (96, '2023-12-31', '2023-09-01', '2023-11-26', 1936, 9510, 5555, 5903, 4500, 96, 96, 96, 4, 3);
insert into alquiler (id_alquiler, fecha_salida, fecha_llegada, fecha_esperada_llegada, valor_semana, valor_dia, porcentaje_descuento, valor_cotizado, valor_pagado, id_vehiculo, id_cliente, id_empleado, id_sucursal_salida, id_sucursal_llegada) values (97, '2023-12-27', '2023-12-30', '2023-10-12', 1932, 2116, 2079, 1381, 8448, 97, 97, 97, 2, 3);
insert into alquiler (id_alquiler, fecha_salida, fecha_llegada, fecha_esperada_llegada, valor_semana, valor_dia, porcentaje_descuento, valor_cotizado, valor_pagado, id_vehiculo, id_cliente, id_empleado, id_sucursal_salida, id_sucursal_llegada) values (98, '2023-12-07', '2023-12-29', '2024-04-05', 8947, 5227, 4622, 7292, 1951, 98, 98, 98, 4, 2);
insert into alquiler (id_alquiler, fecha_salida, fecha_llegada, fecha_esperada_llegada, valor_semana, valor_dia, porcentaje_descuento, valor_cotizado, valor_pagado, id_vehiculo, id_cliente, id_empleado, id_sucursal_salida, id_sucursal_llegada) values (99, '2024-03-31', '2024-02-26', '2024-01-22', 5197, 5042, 5690, 3069, 3943, 99, 99, 99, 2, 1);
insert into alquiler (id_alquiler, fecha_salida, fecha_llegada, fecha_esperada_llegada, valor_semana, valor_dia, porcentaje_descuento, valor_cotizado, valor_pagado, id_vehiculo, id_cliente, id_empleado, id_sucursal_salida, id_sucursal_llegada) values (100, '2023-12-19', '2024-02-29', '2024-01-04', 8434, 2612, 1155, 6261, 7601, 100, 100, 100, 4, 1);

-- Desarrollado por Hernan Mendez / 1101685607