USE Dia4_Taller;

INSERT INTO sucursal (id_sucursal, ciudad, direccion, telefono_fijo, celular, correo_electronico) VALUES
(1, 'Bogotá', 'Carrera 45 # 22-33', '6011234567', '3001234567', 'bogota@autorental.com'),
(2, 'Medellín', 'Calle 10 # 25-50', '6041234567', '3002345678', 'medellin@autorental.com'),
(3, 'Cali', 'Avenida 6N # 14-80', '6021234567', '3003456789', 'cali@autorental.com'),
(4, 'Barranquilla', 'Carrera 58 # 70-91', '6051234567', '3004567890', 'barranquilla@autorental.com'),
(5, 'Cartagena', 'Calle 30 # 20-50', '6051234568', '3005678901', 'cartagena@autorental.com'),
(6, 'Bucaramanga', 'Carrera 33 # 45-78', '6071234567', '3006789012', 'bucaramanga@autorental.com'),
(7, 'Pereira', 'Avenida Circunvalar # 12-34', '6061234567', '3007890123', 'pereira@autorental.com'),
(8, 'Manizales', 'Calle 23 # 8-40', '6062345678', '3008901234', 'manizales@autorental.com'),
(9, 'Armenia', 'Carrera 14 # 15-60', '6063456789', '3009012345', 'armenia@autorental.com'),
(10, 'Santa Marta', 'Avenida del Libertador # 20-10', '6052345678', '3000123456', 'santamarta@autorental.com'),
(11, 'Villavicencio', 'Calle 15 # 22-33', '6081234567', '3011234567', 'villavicencio@autorental.com'),
(12, 'Ibagué', 'Carrera 3 # 45-67', '6082345678', '3012345678', 'ibague@autorental.com'),
(13, 'Cúcuta', 'Avenida 0 # 1-23', '6072345678', '3013456789', 'cucuta@autorental.com'),
(14, 'Popayán', 'Carrera 6 # 7-89', '6022345678', '3014567890', 'popayan@autorental.com'),
(15, 'Neiva', 'Calle 8 # 9-10', '6083456789', '3015678901', 'neiva@autorental.com'),
(16, 'Pasto', 'Carrera 12 # 34-56', '6023456789', '3016789012', 'pasto@autorental.com'),
(17, 'Tunja', 'Avenida Libertador # 14-28', '6084567890', '3017890123', 'tunja@autorental.com'),
(18, 'Montería', 'Calle 44 # 33-11', '6043456789', '3018901234', 'monteria@autorental.com'),
(19, 'Sincelejo', 'Carrera 17 # 23-45', '6054567890', '3019012345', 'sincelejo@autorental.com'),
(20, 'Valledupar', 'Avenida 9 # 10-12', '6055678901', '3020123456', 'valledupar@autorental.com'),
(21, 'Riohacha', 'Calle 12 # 13-14', '6056789012', '3021234567', 'riohacha@autorental.com'),
(22, 'San Andrés', 'Avenida Colombia # 1-23', '6085678901', '3022345678', 'sanandres@autorental.com'),
(23, 'Leticia', 'Carrera 10 # 2-34', '6086789012', '3023456789', 'leticia@autorental.com'),
(24, 'Quibdó', 'Calle 9 # 10-11', '6045678901', '3024567890', 'quibdo@autorental.com'),
(25, 'Yopal', 'Carrera 8 # 12-13', '6087890123', '3025678901', 'yopal@autorental.com'),
(26, 'Florencia', 'Avenida 11 # 13-14', '6088901234', '3026789012', 'florencia@autorental.com'),
(27, 'Mocoa', 'Calle 14 # 15-16', '6089012345', '3027890123', 'mocoa@autorental.com'),
(28, 'Mitú', 'Carrera 7 # 8-9', '6080123456', '3028901234', 'mitu@autorental.com'),
(29, 'Puerto Carreño', 'Avenida 12 # 13-14', '6081234568', '3030123456', 'puertocarreno@autorental.com'),
(30, 'Inírida', 'Calle 16 # 17-18', '6082345679', '3031234567', 'inirida@autorental.com'),
(31, 'La Guajira', 'Carrera 4 # 5-6', '6056789013', '3032345678', 'laguajira@autorental.com'),
(32, 'Arauca', 'Avenida 7 # 8-9', '6073456789', '3033456789', 'arauca@autorental.com'),
(33, 'Granada', 'Calle 11 # 12-13', '6084567891', '3034567890', 'granada@autorental.com'),
(34, 'Cartago', 'Carrera 18 # 19-20', '6025678901', '3035678901', 'cartago@autorental.com'),
(35, 'Rionegro', 'Avenida 2 # 3-4', '6046789012', '3036789012', 'rionegro@autorental.com'),
(36, 'Sogamoso', 'Calle 5 # 6-7', '6087890124', '3037890123', 'sogamoso@autorental.com'),
(37, 'Duitama', 'Carrera 19 # 20-21', '6088901235', '3038901234', 'duitama@autorental.com'),
(38, 'Ipiales', 'Avenida 6 # 7-8', '6029012345', '3040123456', 'ipiales@autorental.com'),
(39, 'Tumaco', 'Calle 17 # 18-19', '6020123456', '3041234567', 'tumaco@autorental.com'),
(40, 'Turbo', 'Carrera 3 # 4-5', '6041234568', '3042345678', 'turbo@autorental.com'),
(41, 'Buenaventura', 'Avenida 15 # 16-17', '6022345670', '3043456789', 'buenaventura@autorental.com'),
(42, 'Arauca', 'Calle 9 # 10-11', '6074567891', '3044567890', 'arauca@autorental.com'),
(43, 'Pamplona', 'Carrera 7 # 8-9', '6075678902', '3045678901', 'pamplona@autorental.com'),
(44, 'Honda', 'Avenida 8 # 9-10', '6086789013', '3046789012', 'honda@autorental.com'),
(45, 'Guaduas', 'Calle 4 # 5-6', '6087890125', '3047890123', 'guaduas@autorental.com'),
(46, 'Zipaquirá', 'Carrera 15 # 16-17', '6018901234', '3048901234', 'zipaquira@autorental.com'),
(47, 'Facatativá', 'Avenida 10 # 11-12', '6019012345', '3050123456', 'facatativa@autorental.com'),
(48, 'Funza', 'Calle 19 # 20-21', '6010123456', '3051234567', 'funza@autorental.com'),
(49, 'Chía', 'Carrera 2 # 3-4', '6011234568', '3052345678', 'chia@autorental.com'),
(50, 'Girardot', 'Avenida 14 # 15-16', '6012345679', '3053456789', 'girardot@autorental.com'),
(51, 'Sabanalarga', 'Calle 10 # 11-12', '6053456789', '3054567890', 'sabanalarga@autorental.com'),
(52, 'Lorica', 'Carrera 8 # 9-10', '6055678902', '3055678901', 'lorica@autorental.com'),
(53, 'Apartadó', 'Avenida 15 # 16-17', '6041234569', '3056789012', 'apartado@autorental.com'),
(54, 'Tuluá', 'Calle 5 # 6-7', '6023456780', '3057890123', 'tulua@autorental.com'),
(55, 'Buga', 'Carrera 11 # 12-13', '6024567891', '3058901234', 'buga@autorental.com'),
(56, 'Palmira', 'Avenida 9 # 10-11', '6025678902', '3060123456', 'palmira@autorental.com'),
(57, 'Caucasia', 'Calle 7 # 8-9', '6046789013', '3061234567', 'caucasia@autorental.com'),
(58, 'Magangué', 'Carrera 16 # 17-18', '6057890124', '3062345678', 'magangue@autorental.com'),
(59, 'Sogamoso', 'Avenida 4 # 5-6', '6088901236', '3063456789', 'sogamoso@autorental.com'),
(60, 'Duitama', 'Calle 12 # 13-14', '6089012346', '3064567890', 'duitama@autorental.com'),
(61, 'Ipiales', 'Carrera 18 # 19-20', '6020123457', '3065678901', 'ipiales@autorental.com'),
(62, 'Tumaco', 'Avenida 6 # 7-8', '6021234568', '3066789012', 'tumaco@autorental.com'),
(63, 'Turbo', 'Calle 17 # 18-19', '6042345679', '3067890123', 'turbo@autorental.com'),
(64, 'Buenaventura', 'Carrera 3 # 4-5', '6023456781', '3068901234', 'buenaventura@autorental.com'),
(65, 'Barrancabermeja', 'Avenida 15 # 16-17', '6074567892', '3069012345', 'barrancabermeja@autorental.com'),
(66, 'Cimitarra', 'Calle 9 # 10-11', '6075678903', '3070123456', 'cimitarra@autorental.com'),
(67, 'El Banco', 'Carrera 7 # 8-9', '6056789014', '3071234567', 'el banco@autorental.com'),
(68, 'Garzón', 'Avenida 8 # 9-10', '6087890126', '3072345678', 'garzon@autorental.com'),
(69, 'Gigante', 'Calle 4 # 5-6', '6088901237', '3073456789', 'gigante@autorental.com'),
(70, 'Guamal', 'Carrera 15 # 16-17', '6089012347', '3074567890', 'guamal@autorental.com'),
(71, 'Líbano', 'Avenida 10 # 11-12', '6080123458', '3075678901', 'libano@autorental.com'),
(72, 'Mariquita', 'Calle 19 # 20-21', '6081234569', '3076789012', 'mariquita@autorental.com'),
(73, 'Espinal', 'Carrera 2 # 3-4', '6082345670', '3077890123', 'espinal@autorental.com'),
(74, 'Flandes', 'Avenida 14 # 15-16', '6083456781', '3078901234', 'flandes@autorental.com'),
(75, 'Melgar', 'Calle 16 # 17-18', '6084567892', '3079012345', 'melgar@autorental.com'),
(76, 'Purificación', 'Carrera 4 # 5-6', '6085678903', '3080123456', 'purificacion@autorental.com'),
(77, 'San Gil', 'Avenida 7 # 8-9', '6076789015', '3081234567', 'san gil@autorental.com'),
(78, 'Socorro', 'Calle 11 # 12-13', '6077890127', '3082345678', 'socorro@autorental.com'),
(79, 'Barbosa', 'Carrera 18 # 19-20', '6078901238', '3083456789', 'barbosa@autorental.com'),
(80, 'Carmen de Viboral', 'Avenida 5 # 6-7', '6041234570', '3084567890', 'carmen@autorental.com'),
(81, 'Guatapé', 'Calle 8 # 9-10', '6042345671', '3085678901', 'guatape@autorental.com'),
(82, 'Santafé de Antioquia', 'Carrera 7 # 8-9', '6043456782', '3086789012', 'santafe@autorental.com'),
(83, 'Amagá', 'Avenida 6 # 7-8', '6044567893', '3087890123', 'amaga@autorental.com'),
(84, 'El Carmen', 'Calle 14 # 15-16', '6045678904', '3088901234', 'el carmen@autorental.com'),
(85, 'Frontino', 'Carrera 3 # 4-5', '6046789014', '3089012345', 'frontino@autorental.com'),
(86, 'Jardín', 'Avenida 9 # 10-11', '6047890125', '3090123456', 'jardin@autorental.com'),
(87, 'Jericó', 'Calle 12 # 13-14', '6048901236', '3091234567', 'jerico@autorental.com'),
(88, 'La Ceja', 'Carrera 16 # 17-18', '6049012347', '3092345678', 'laceja@autorental.com'),
(89, 'La Estrella', 'Avenida 8 # 9-10', '6040123459', '3093456789', 'laestrella@autorental.com'),
(90, 'Marinilla', 'Calle 4 # 5-6', '6041234572', '3094567890', 'marinilla@autorental.com'),
(91, 'Montebello', 'Carrera 10 # 11-12', '6042345673', '3095678901', 'montebello@autorental.com'),
(92, 'Rionegro', 'Avenida 14 # 15-16', '6043456784', '3096789012', 'rionegro@autorental.com'),
(93, 'San Carlos', 'Calle 18 # 19-20', '6044567895', '3097890123', 'sancarlos@autorental.com'),
(94, 'San Rafael', 'Carrera 5 # 6-7', '6045678905', '3098901234', 'sanrafael@autorental.com'),
(95, 'Santa Rosa de Osos', 'Avenida 11 # 12-13', '6046789015', '3099012345', 'santarosa@autorental.com'),
(96, 'Sonsón', 'Calle 6 # 7-8', '6047890126', '3100123456', 'sonson@autorental.com'),
(97, 'Tamesis', 'Carrera 17 # 18-19', '6048901237', '3101234567', 'tamesis@autorental.com'),
(98, 'Tarazá', 'Avenida 19 # 20-21', '6049012348', '3102345678', 'taraza@autorental.com'),
(99, 'Yarumal', 'Calle 9 # 10-11', '6040123460', '3103456789', 'yarumal@autorental.com'),
(100, 'Zaragoza', 'Carrera 13 # 14-15', '6041234573', '3104567890', 'zaragoza@autorental.com');


INSERT INTO empleado (id_empleado, id_sucursal, cedula, nombres, apellidos, direccion, ciudad_residencia, celular, correo_electronico)
VALUES
(1, 1, '123456789', 'Juan', 'Pérez', 'Calle 123, Bogotá', 'Bogotá', '3212345678', 'juan.perez@example.com'),
(2, 2, '987654321', 'Ana', 'Gómez', 'Av. Principal, Medellín', 'Medellín', '3123456789', 'ana.gomez@example.com'),
(3, 3, '456789123', 'Carlos', 'Martínez', 'Cra. 45, Cali', 'Cali', '3009876543', 'carlos.martinez@example.com'),
(4, 4, '789123456', 'María', 'Rodríguez', 'Cl. 34, Barranquilla', 'Barranquilla', '3158765432', 'maria.rodriguez@example.com'),
(5, 5, '654321987', 'Pedro', 'López', 'Calle 67, Cartagena', 'Cartagena', '3176543210', 'pedro.lopez@example.com'),
(6, 6, '321987654', 'Laura', 'Ramírez', 'Cra. 12, Bucaramanga', 'Bucaramanga', '3145678901', 'laura.ramirez@example.com'),
(7, 7, '234567890', 'Jorge', 'García', 'Calle 78, Pereira', 'Pereira', '3187654321', 'jorge.garcia@example.com'),
(8, 8, '901234567', 'Ana María', 'Hernández', 'Av. Circunvalar, Manizales', 'Manizales', '3106789456', 'ana.hernandez@example.com'),
(9, 9, '567890123', 'Diego', 'Sánchez', 'Cra. 56, Armenia', 'Armenia', '3198765432', 'diego.sanchez@example.com'),
(10, 10, '678901234', 'Martha', 'Góngora', 'Cl. 90, Santa Marta', 'Santa Marta', '3234567890', 'martha.gongora@example.com'),
(11, 11, '345678901', 'Andrés', 'Jiménez', 'Calle 23, Villavicencio', 'Villavicencio', '3012345678', 'andres.jimenez@example.com'),
(12, 12, '456789012', 'Valentina', 'Rojas', 'Av. Principal, Ibagué', 'Ibagué', '3056789012', 'valentina.rojas@example.com'),
(13, 13, '567890123', 'Camilo', 'Gutiérrez', 'Cra. 78, Cúcuta', 'Cúcuta', '3134567890', 'camilo.gutierrez@example.com'),
(14, 14, '678901234', 'Daniela', 'Londoño', 'Cl. 45, Popayán', 'Popayán', '3045678901', 'daniela.londono@example.com'),
(15, 15, '789012345', 'Santiago', 'Martínez', 'Cra. 34, Neiva', 'Neiva', '3123456789', 'santiago.martinez@example.com'),
(16, 16, '890123456', 'Laura', 'Herrera', 'Calle 12, Pasto', 'Pasto', '3176543210', 'laura.herrera@example.com'),
(17, 17, '901234567', 'Felipe', 'Gómez', 'Av. 45, Tunja', 'Tunja', '3109876543', 'felipe.gomez@example.com'),
(18, 18, '012345678', 'Valeria', 'Ramírez', 'Cra. 56, Montería', 'Montería', '3198765432', 'valeria.ramirez@example.com'),
(19, 19, '123456789', 'Mateo', 'Vargas', 'Calle 34, Sincelejo', 'Sincelejo', '3234567890', 'mateo.vargas@example.com'),
(20, 20, '234567890', 'Ana Sofía', 'Moreno', 'Cl. 67, Valledupar', 'Valledupar', '3012345678', 'ana.moreno@example.com'),
(21, 21, '345678901', 'Andrea', 'López', 'Cra. 78, Riohacha', 'Riohacha', '3056789012', 'andrea.lopez@example.com'),
(22, 22, '456789012', 'Martín', 'González', 'Av. 23, San Andrés', 'San Andrés', '3134567890', 'martin.gonzalez@example.com'),
(23, 23, '567890123', 'Sofía', 'Martínez', 'Cl. 56, Leticia', 'Leticia', '3045678901', 'sofia.martinez@example.com'),
(24, 24, '678901234', 'Diego', 'Sánchez', 'Cra. 90, Quibdó', 'Quibdó', '3123456789', 'diego.sanchez@example.com'),
(25, 25, '789012345', 'Valentina', 'Hernández', 'Calle 12, Yopal', 'Yopal', '3176543210', 'valentina.hernandez@example.com'),
(26, 26, '890123456', 'Lucas', 'Gómez', 'Av. 45, Florencia', 'Florencia', '3109876543', 'lucas.gomez@example.com'),
(27, 27, '901234567', 'María José', 'Ramírez', 'Cra. 56, Mocoa', 'Mocoa', '3198765432', 'mariajose.ramirez@example.com'),
(28, 28, '012345678', 'Julián', 'Martínez', 'Cl. 67, Mitú', 'Mitú', '3234567890', 'julian.martinez@example.com'),
(29, 29, '123456789', 'Gabriela', 'López', 'Cra. 78, Puerto Carreño', 'Puerto Carreño', '3012345678', 'gabriela.lopez@example.com'),
(30, 30, '234567890', 'Andrés Felipe', 'González', 'Av. 23, Inírida', 'Inírida', '3056789012', 'andres.gonzalez@example.com'),
(31, 31, '345678901', 'Camila', 'Hernández', 'Cl. 56, La Guajira', 'La Guajira', '3134567890', 'camila.hernandez@example.com'),
(32, 32, '456789012', 'Sebastián', 'Ramírez', 'Cra. 90, Arauca', 'Arauca', '3123456789', 'sebastian.ramirez@example.com'),
(33, 33, '567890123', 'Isabella', 'Gómez', 'Calle 12, Granada', 'Granada', '3045678901', 'isabella.gomez@example.com'),
(34, 34, '678901234', 'Juan Pablo', 'Martínez', 'Av. 45, Cartago', 'Cartago', '3176543210', 'juanpablo.martinez@example.com'),
(35, 35, '789012345', 'Valeria', 'Herrera', 'Cra. 56, Rionegro', 'Rionegro', '3109876543', 'valeria.herrera@example.com'),
(36, 36, '890123456', 'Andrés', 'Londoño', 'Cl. 67, Sogamoso', 'Sogamoso', '3198765432', 'andres.londono@example.com'),
(37, 37, '901234567', 'Ana Sofía', 'Moreno', 'Cra. 78, Duitama', 'Duitama', '3234567890', 'ana.moreno@example.com'),
(38, 38, '012345678', 'Javier', 'García', 'Av. 23, Ipiales', 'Ipiales', '3012345678', 'javier.garcia@example.com'),
(39, 39, '123456789', 'Sara', 'Martínez', 'Cl. 56, Tumaco', 'Tumaco', '3056789012', 'sara.martinez@example.com'),
(40, 40, '234567890', 'Mateo', 'Gómez', 'Calle 12, Otra Ciudad', 'Otra Ciudad', '3123456789', 'mateo.gomez@example.com'),
(41, 41, '345678901', 'Lucía', 'Hernández', 'Cra. 78, Otra Ciudad', 'Otra Ciudad', '3134567890', 'lucia.hernandez@example.com'),
(42, 42, '456789012', 'Martín', 'Ramírez', 'Av. 23, Otra Ciudad', 'Otra Ciudad', '3045678901', 'martin.ramirez@example.com'),
(43, 43, '567890123', 'Isabella', 'López', 'Cl. 56, Otra Ciudad', 'Otra Ciudad', '3176543210', 'isabella.lopez@example.com'),
(44, 44, '678901234', 'Juan Pablo', 'González', 'Cra. 90, Otra Ciudad', 'Otra Ciudad', '3109876543', 'juanpablo.gonzalez@example.com'),
(45, 45, '789012345', 'Valeria', 'Martínez', 'Calle 12, Otra Ciudad', 'Otra Ciudad', '3198765432', 'valeria.martinez@example.com'),
(46, 46, '890123456', 'Andrés', 'Herrera', 'Av. 45, Otra Ciudad', 'Otra Ciudad', '3234567890', 'andres.herrera@example.com'),
(47, 47, '901234567', 'Ana Sofía', 'Londoño', 'Cra. 56, Otra Ciudad', 'Otra Ciudad', '3012345678', 'ana.londono@example.com'),
(48, 48, '012345678', 'Javier', 'Moreno', 'Cl. 67, Otra Ciudad', 'Otra Ciudad', '3056789012', 'javier.moreno@example.com'),
(49, 49, '123456789', 'Sara', 'García', 'Calle 12, Otra Ciudad', 'Otra Ciudad', '3123456789', 'sara.garcia@example.com'),
(50, 50, '234567890', 'Mateo', 'Ramírez', 'Av. 23, Otra Ciudad', 'Otra Ciudad', '3045678901', 'mateo.ramirez@example.com'),
(51, 1, '2345678901', 'Laura', 'Gómez', 'Cra. 34, Bogotá', 'Bogotá', '3109876543', 'laura.gomez@example.com'),
(52, 2, '3456789012', 'Andrés', 'Martínez', 'Av. 45, Medellín', 'Medellín', '3123456789', 'andres.martinez@example.com'),
(53, 3, '4567890123', 'Camila', 'Rodríguez', 'Cl. 56, Cali', 'Cali', '3145678901', 'camila.rodriguez@example.com'),
(54, 4, '5678901234', 'Javier', 'López', 'Calle 67, Barranquilla', 'Barranquilla', '3167890123', 'javier.lopez@example.com'),
(55, 5, '6789012345', 'Valentina', 'Herrera', 'Cra. 78, Cartagena', 'Cartagena', '3189012345', 'valentina.herrera@example.com'),
(56, 6, '7890123456', 'Diego', 'García', 'Av. Principal, Bucaramanga', 'Bucaramanga', '3201234567', 'diego.garcia@example.com'),
(57, 7, '8901234567', 'Sofía', 'Ramírez', 'Cra. 12, Pereira', 'Pereira', '3222345678', 'sofia.ramirez@example.com'),
(58, 8, '9012345678', 'Mateo', 'Gómez', 'Cl. 23, Manizales', 'Manizales', '3243456789', 'mateo.gomez@example.com'),
(59, 9, '0123456789', 'Valeria', 'Martínez', 'Cra. 34, Armenia', 'Armenia', '3264567890', 'valeria.martinez@example.com'),
(60, 10, '1234567890', 'Julián', 'Londoño', 'Av. 45, Santa Marta', 'Santa Marta', '3285678901', 'julian.londono@example.com'),
(61, 11, '2345678901', 'Ana María', 'González', 'Cl. 56, Villavicencio', 'Villavicencio', '3306789012', 'ana.gonzalez@example.com'),
(62, 12, '3456789012', 'Felipe', 'Hernández', 'Cra. 78, Ibagué', 'Ibagué', '3327890123', 'felipe.hernandez@example.com'),
(63, 13, '4567890123', 'Sara', 'López', 'Av. Principal, Cúcuta', 'Cúcuta', '3348901234', 'sara.lopez@example.com'),
(64, 14, '5678901234', 'Lucas', 'Martínez', 'Calle 67, Popayán', 'Popayán', '3369012345', 'lucas.martinez@example.com'),
(65, 15, '6789012345', 'Isabella', 'Ramírez', 'Cra. 78, Neiva', 'Neiva', '3380123456', 'isabella.ramirez@example.com'),
(66, 16, '7890123456', 'Juan Pablo', 'Gómez', 'Av. 45, Pasto', 'Pasto', '3401234567', 'juanpablo.gomez@example.com'),
(67, 17, '8901234567', 'Valentina', 'Herrera', 'Cra. 56, Tunja', 'Tunja', '3422345678', 'valentina.herrera@example.com'),
(68, 18, '9012345678', 'Andrés', 'Londoño', 'Cl. 67, Montería', 'Montería', '3443456789', 'andres.londono@example.com'),
(69, 19, '0123456789', 'Camila', 'García', 'Av. Principal, Sincelejo', 'Sincelejo', '3464567890', 'camila.garcia@example.com'),
(70, 20, '1234567890', 'Sebastián', 'Martínez', 'Cra. 34, Valledupar', 'Valledupar', '3485678901', 'sebastian.martinez@example.com'),
(71, 21, '2345678901', 'Laura', 'Ramírez', 'Cra. 12, Riohacha', 'Riohacha', '3506789012', 'laura.ramirez@example.com'),
(72, 22, '3456789012', 'Andrés', 'Gómez', 'Av. 45, San Andrés', 'San Andrés', '3527890123', 'andres.gomez@example.com'),
(73, 23, '4567890123', 'Sofía', 'Martínez', 'Cl. 56, Leticia', 'Leticia', '3548901234', 'sofia.martinez@example.com'),
(74, 24, '5678901234', 'Diego', 'López', 'Calle 67, Quibdó', 'Quibdó', '3569012345', 'diego.lopez@example.com'),
(75, 25, '6789012345', 'Valentina', 'Herrera', 'Cra. 78, Yopal', 'Yopal', '3580123456', 'valentina.herrera@example.com'),
(76, 26, '7890123456', 'Lucas', 'Gómez', 'Av. Principal, Florencia', 'Florencia', '3601234567', 'lucas.gomez@example.com'),
(77, 27, '8901234567', 'María José', 'Ramírez', 'Cra. 56, Mocoa', 'Mocoa', '3622345678', 'mariajose.ramirez@example.com'),
(78, 28, '9012345678', 'Julián', 'Martínez', 'Cl. 67, Mitú', 'Mitú', '3643456789', 'julian.martinez@example.com'),
(79, 29, '0123456789', 'Gabriela', 'López', 'Av. 45, Puerto Carreño', 'Puerto Carreño', '3664567890', 'gabriela.lopez@example.com'),
(80, 30, '1234567890', 'Andrés Felipe', 'González', 'Calle 67, Inírida', 'Inírida', '3685678901', 'andres.gonzalez@example.com'),
(81, 31, '2345678901', 'Ana Sofía', 'Martínez', 'Cra. 34, La Guajira', 'La Guajira', '3706789012', 'ana.martinez@example.com'),
(82, 32, '3456789012', 'Martín', 'Ramírez', 'Av. 45, Arauca', 'Arauca', '3727890123', 'martin.ramirez@example.com'),
(83, 33, '4567890123', 'Isabella', 'Gómez', 'Cl. 56, Granada', 'Granada', '3748901234', 'isabella.gomez@example.com'),
(84, 34, '5678901234', 'Juan Pablo', 'Martínez', 'Calle 67, Cartago', 'Cartago', '3769012345', 'juanpablo.martinez@example.com'),
(85, 35, '6789012345', 'Valeria', 'Herrera', 'Cra. 78, Rionegro', 'Rionegro', '3780123456', 'valeria.herrera@example.com'),
(86, 36, '7890123456', 'Andrés', 'Londoño', 'Av. Principal, Sogamoso', 'Sogamoso', '3801234567', 'andres.londono@example.com'),
(87, 37, '8901234567', 'Ana Sofía', 'Moreno', 'Cl. 23, Duitama', 'Duitama', '3822345678', 'ana.moreno@example.com'),
(88, 38, '9012345678', 'Javier', 'García', 'Cra. 34, Ipiales', 'Ipiales', '3843456789', 'javier.garcia@example.com'),
(89, 39, '0123456789', 'Sara', 'Martínez', 'Av. 45, Tumaco', 'Tumaco', '3864567890', 'sara.martinez@example.com'),
(90, 40, '1234567890', 'Mateo', 'Gómez', 'Calle 67, Otra Ciudad', 'Otra Ciudad', '3885678901', 'mateo.gomez@example.com'),
(91, 41, '2345678901', 'Laura', 'Ramírez', 'Cra. 78, Otra Ciudad', 'Otra Ciudad', '3906789012', 'laura.ramirez@example.com'),
(92, 42, '3456789012', 'Andrés', 'Gómez', 'Av. Principal, Otra Ciudad', 'Otra Ciudad', '3927890123', 'andres.gomez@example.com'),
(93, 43, '4567890123', 'Sofía', 'Martínez', 'Cl. 56, Otra Ciudad', 'Otra Ciudad', '3948901234', 'sofia.martinez@example.com'),
(94, 44, '5678901234', 'Diego', 'López', 'Calle 67, Otra Ciudad', 'Otra Ciudad', '3969012345', 'diego.lopez@example.com'),
(95, 45, '6789012345', 'Valentina', 'Herrera', 'Cra. 78, Otra Ciudad', 'Otra Ciudad', '3980123456', 'valentina.herrera@example.com'),
(96, 46, '7890123456', 'Lucas', 'Gómez', 'Av. Principal, Otra Ciudad', 'Otra Ciudad', '4001234567', 'lucas.gomez@example.com'),
(97, 47, '8901234567', 'María José', 'Ramírez', 'Cra. 56, Otra Ciudad', 'Otra Ciudad', '4022345678', 'mariajose.ramirez@example.com'),
(98, 48, '9012345678', 'Julián', 'Martínez', 'Cl. 67, Otra Ciudad', 'Otra Ciudad', '4043456789', 'julian.martinez@example.com'),
(99, 49, '0123456789', 'Gabriela', 'López', 'Av. 45, Otra Ciudad', 'Otra Ciudad', '4064567890', 'gabriela.lopez@example.com'),
(100, 50, '1234567890', 'Andrés Felipe', 'González', 'Calle 67, Otra Ciudad', 'Otra Ciudad', '4085678901', 'andres.gonzalez@example.com');

INSERT INTO cliente (id_cliente, cedula, nombres, apellidos, direccion, ciudad_residencia, celular, correo_electronico)
VALUES 
    (1, '123456789', 'Juan', 'Pérez', 'Calle 123 #45-67', 'Bogotá', '3101234567', 'juanperez@example.com'),
    (2, '987654321', 'María', 'Gómez', 'Carrera 45 #89-10', 'Bogotá', '3209876543', 'mariagomez@example.com'),
    (3, '234567890', 'Andrés', 'Martínez', 'Avenida 67 #12-34', 'Bogotá', '3142345678', 'andresmartinez@example.com'),
    (4, '876543210', 'Laura', 'García', 'Transversal 78 #34-56', 'Bogotá', '3008765432', 'lauragarcia@example.com'),
    (5, '345678901', 'Carlos', 'Hernández', 'Calle 90 #56-78', 'Bogotá', '3173456789', 'carloshernandez@example.com'),
    (6, '654321098', 'Ana', 'Ramírez', 'Diagonal 56 #78-90', 'Bogotá', '3186543210', 'anaramirez@example.com'),
    (7, '543210987', 'Diego', 'López', 'Avenida 34 #56-78', 'Bogotá', '3155432109', 'diegolopez@example.com'),
    (8, '432109876', 'Patricia', 'Gutiérrez', 'Carrera 12 #34-56', 'Bogotá', '3104321098', 'patriciagutierrez@example.com'),
    (9, '321098765', 'Santiago', 'Díaz', 'Transversal 90 #12-34', 'Bogotá', '3183210987', 'santiagodiaz@example.com'),
    (10, '210987654', 'Valentina', 'Castro', 'Avenida 45 #67-89', 'Bogotá', '3202109876', 'valentinacastro@example.com'),
    (11, '789012345', 'Jorge', 'Fernández', 'Calle 12 #34-56', 'Bogotá', '3177890123', 'jorgefernandez@example.com'),
    (12, '678901234', 'Mariana', 'Ortega', 'Diagonal 12 #34-56', 'Bogotá', '3106789012', 'marianaortega@example.com'),
    (13, '567890123', 'Andrea', 'Sánchez', 'Carrera 67 #89-10', 'Bogotá', '3145678901', 'andreasanchez@example.com'),
    (14, '456789012', 'Luisa', 'Torres', 'Calle 67 #89-10', 'Bogotá', '3204567890', 'luisatorres@example.com'),
    (15, '345678901', 'Felipe', 'Gómez', 'Avenida 78 #90-12', 'Bogotá', '3003456789', 'felipegomez@example.com'),
    (16, '234567890', 'Camila', 'Herrera', 'Transversal 78 #90-12', 'Bogotá', '3182345678', 'camilaherrera@example.com'),
    (17, '123456789', 'Martín', 'Muñoz', 'Calle 56 #78-90', 'Bogotá', '3101234567', 'martinmunoz@example.com'),
    (18, '012345678', 'Juliana', 'Jiménez', 'Avenida 90 #12-34', 'Bogotá', '3150123456', 'julianajimenez@example.com'),
    (19, '901234567', 'Gabriel', 'Álvarez', 'Diagonal 34 #56-78', 'Bogotá', '3179012345', 'gabrielalvarez@example.com'),
    (20, '890123456', 'Valeria', 'Ramírez', 'Carrera 90 #12-34', 'Bogotá', '3208901234', 'valeriaramirez@example.com'),
    (21, '987654321', 'Luis', 'Gómez', 'Calle 23 #45-67', 'Medellín', '3109876543', 'luisgomez@example.com'),
    (22, '876543210', 'Ana', 'Martínez', 'Avenida 56 #78-90', 'Medellín', '3208765432', 'anamartinez@example.com'),
    (23, '765432109', 'Carlos', 'López', 'Diagonal 78 #90-12', 'Medellín', '3176543210', 'carloslopez@example.com'),
    (24, '654321098', 'Mariana', 'Ramírez', 'Transversal 12 #34-56', 'Medellín', '3146543210', 'marianaramirez@example.com'),
    (25, '543210987', 'Andrea', 'Gutiérrez', 'Carrera 67 #89-10', 'Medellín', '3185432109', 'andreagutierrez@example.com'),
    (26, '432109876', 'Jorge', 'Hernández', 'Calle 90 #56-78', 'Medellín', '3154321098', 'jorgehernandez@example.com'),
    (27, '321098765', 'Laura', 'Díaz', 'Avenida 34 #56-78', 'Medellín', '3103210987', 'lauradiaz@example.com'),
    (28, '210987654', 'Diego', 'Fernández', 'Diagonal 56 #78-90', 'Medellín', '3202109876', 'diegofernandez@example.com'),
    (29, '109876543', 'Patricia', 'Castro', 'Carrera 12 #34-56', 'Medellín', '3171098765', 'patriciacastro@example.com'),
    (30, '098765432', 'Santiago', 'Ortega', 'Transversal 78 #90-12', 'Medellín', '3140987654', 'santiagoortega@example.com'),
    (31, '123456789', 'Juan', 'Gómez', 'Calle 56 #78-90', 'Cali', '3181234567', 'juangomez@example.com'),
    (32, '234567890', 'María', 'Ramírez', 'Avenida 78 #90-12', 'Cali', '3152345678', 'mariaramirez@example.com'),
    (33, '345678901', 'Andrés', 'Martínez', 'Diagonal 12 #34-56', 'Cali', '3103456789', 'andresmartinez@example.com'),
    (34, '456789012', 'Laura', 'López', 'Transversal 90 #12-34', 'Cali', '3204567890', 'lauralopez@example.com'),
    (35, '567890123', 'Carlos', 'Gutiérrez', 'Carrera 12 #34-56', 'Cali', '3145678901', 'carlosgutierrez@example.com'),
    (36, '678901234', 'Mariana', 'Hernández', 'Calle 90 #56-78', 'Cali', '3186789012', 'marianahernandez@example.com'),
    (37, '789012345', 'Andrea', 'Díaz', 'Avenida 67 #89-10', 'Cali', '3157890123', 'andreadiaz@example.com'),
    (38, '890123456', 'Luis', 'Fernández', 'Diagonal 56 #78-90', 'Cali', '3108901234', 'luisfernandez@example.com'),
    (39, '901234567', 'Felipe', 'Castro', 'Transversal 78 #90-12', 'Cali', '3209012345', 'felipecastro@example.com'),
    (40, '012345678', 'Valentina', 'Ortega', 'Carrera 67 #89-10', 'Cali', '3140123456', 'valentinaortega@example.com'),
    (41, '234567890', 'Camila', 'Muñoz', 'Calle 23 #45-67', 'Barranquilla', '3102345678', 'camilamunoz@example.com'),
    (42, '345678901', 'Martín', 'Jiménez', 'Avenida 56 #78-90', 'Barranquilla', '3173456789', 'martinjimenez@example.com'),
    (43, '456789012', 'Juliana', 'Álvarez', 'Diagonal 78 #90-12', 'Barranquilla', '3144567890', 'julianaalvarez@example.com'),
    (44, '567890123', 'Gabriel', 'Ramírez', 'Transversal 12 #34-56', 'Barranquilla', '3205678901', 'gabrielramirez@example.com'),
    (45, '678901234', 'Valeria', 'Herrera', 'Carrera 67 #89-10', 'Barranquilla', '3186789012', 'valeriaherrera@example.com'),
    (46, '789012345', 'Jorge', 'Gómez', 'Calle 90 #56-78', 'Barranquilla', '3157890123', 'jorgegomez@example.com'),
    (47, '890123456', 'Mariana', 'López', 'Avenida 34 #56-78', 'Barranquilla', '3108901234', 'marianalopez@example.com'),
    (48, '901234567', 'Andrea', 'Gutiérrez', 'Diagonal 56 #78-90', 'Barranquilla', '3179012345', 'andreagutierrez@example.com'),
    (49, '012345678', 'Luis', 'Díaz', 'Transversal 78 #90-12', 'Barranquilla', '3140123456', 'luisdiaz@example.com'),
    (50, '123456789', 'Diego', 'Fernández', 'Carrera 12 #34-56', 'Barranquilla', '3201234567', 'diegofernandez@example.com'),
    (51, '234567890', 'Pedro', 'Gómez', 'Calle 34 #56-78', 'Cartagena', '3182345678', 'pedrogomez@example.com'),
    (52, '345678901', 'Luisa', 'Martínez', 'Avenida 67 #89-10', 'Cartagena', '3153456789', 'luisamartinez@example.com'),
    (53, '456789012', 'Carlos', 'López', 'Diagonal 12 #34-56', 'Cartagena', '3104567890', 'carloslopez@example.com'),
    (54, '567890123', 'Mariana', 'Ramírez', 'Transversal 78 #90-12', 'Cartagena', '3205678901', 'marianaramirez@example.com'),
    (55, '678901234', 'Andrea', 'Gutiérrez', 'Carrera 56 #78-90', 'Cartagena', '3146789012', 'andreagutierrez@example.com'),
    (56, '789012345', 'Jorge', 'Hernández', 'Calle 90 #56-78', 'Cartagena', '3177890123', 'jorgehernandez@example.com'),
    (57, '890123456', 'Valentina', 'Díaz', 'Avenida 34 #56-78', 'Cartagena', '3108901234', 'valentinadiaz@example.com'),
    (58, '901234567', 'Felipe', 'Fernández', 'Diagonal 56 #78-90', 'Cartagena', '3159012345', 'felipefernandez@example.com'),
    (59, '012345678', 'Santiago', 'Castro', 'Transversal 78 #90-12', 'Cartagena', '3200123456', 'santiagocastro@example.com'),
    (60, '123456789', 'Laura', 'Ortega', 'Carrera 67 #89-10', 'Cartagena', '3141234567', 'lauraortega@example.com'),
    (61, '345678901', 'Juan', 'Martínez', 'Calle 56 #78-90', 'Bucaramanga', '3183456789', 'juanmartinez@example.com'),
    (62, '456789012', 'María', 'Gómez', 'Avenida 78 #90-12', 'Bucaramanga', '3154567890', 'mariagomez@example.com'),
    (63, '567890123', 'Andrés', 'López', 'Diagonal 12 #34-56', 'Bucaramanga', '3105678901', 'andreslopez@example.com'),
    (64, '678901234', 'Laura', 'Ramírez', 'Transversal 90 #12-34', 'Bucaramanga', '3206789012', 'lauraramirez@example.com'),
    (65, '789012345', 'Carlos', 'Gutiérrez', 'Carrera 12 #34-56', 'Bucaramanga', '3147890123', 'carlosgutierrez@example.com'),
    (66, '890123456', 'Mariana', 'Hernández', 'Calle 90 #56-78', 'Bucaramanga', '3178901234', 'marianahernandez@example.com'),
    (67, '901234567', 'Diego', 'Díaz', 'Avenida 67 #89-10', 'Bucaramanga', '3109012345', 'diegodiaz@example.com'),
    (68, '012345678', 'Patricia', 'Fernández', 'Diagonal 56 #78-90', 'Bucaramanga', '3150123456', 'patriciafernandez@example.com'),
    (69, '123456789', 'Santiago', 'Castro', 'Transversal 78 #90-12', 'Bucaramanga', '3201234567', 'santiagocastro@example.com'),
    (70, '234567890', 'Valentina', 'Ortega', 'Carrera 67 #89-10', 'Bucaramanga', '3142345678', 'valentinaortega@example.com'),
    (71, '456789012', 'Pedro', 'Gómez', 'Calle 23 #45-67', 'Pereira', '3184567890', 'pedrogomez@example.com'),
    (72, '567890123', 'Luisa', 'Martínez', 'Avenida 56 #78-90', 'Pereira', '3155678901', 'luisamartinez@example.com'),
    (73, '678901234', 'Carlos', 'López', 'Diagonal 78 #90-12', 'Pereira', '3106789012', 'carloslopez@example.com'),
    (74, '789012345', 'Mariana', 'Ramírez', 'Transversal 12 #34-56', 'Pereira', '3207890123', 'marianaramirez@example.com'),
    (75, '890123456', 'Andrea', 'Gutiérrez', 'Carrera 56 #78-90', 'Pereira', '3148901234', 'andreagutierrez@example.com'),
    (76, '901234567', 'Jorge', 'Hernández', 'Calle 90 #56-78', 'Pereira', '3179012345', 'jorgehernandez@example.com'),
    (77, '012345678', 'Valeria', 'Díaz', 'Avenida 34 #56-78', 'Pereira', '3100123456', 'valeriadiaz@example.com'),
    (78, '123456789', 'Felipe', 'Fernández', 'Diagonal 56 #78-90', 'Pereira', '3151234567', 'felipefernandez@example.com'),
    (79, '234567890', 'Santiago', 'Castro', 'Transversal 78 #90-12', 'Pereira', '3202345678', 'santiagocastro@example.com'),
    (80, '345678901', 'Laura', 'Ortega', 'Carrera 67 #89-10', 'Pereira', '3143456789', 'lauraortega@example.com'),
    (81, '987654321', 'Pedro', 'Gómez', 'Calle 23 #45-67', 'Ibagué', '3189876543', 'pedrogomez@example.com'),
    (82, '876543210', 'Luisa', 'Martínez', 'Avenida 56 #78-90', 'Ibagué', '3158765432', 'luisamartinez@example.com'),
    (83, '765432109', 'Carlos', 'López', 'Diagonal 78 #90-12', 'Ibagué', '3107654321', 'carloslopez@example.com'),
    (84, '654321098', 'Mariana', 'Ramírez', 'Transversal 12 #34-56', 'Ibagué', '3206543210', 'marianaramirez@example.com'),
    (85, '543210987', 'Andrea', 'Gutiérrez', 'Carrera 56 #78-90', 'Ibagué', '3145432109', 'andreagutierrez@example.com'),
    (86, '432109876', 'Jorge', 'Hernández', 'Calle 90 #56-78', 'Cúcuta', '3174321098', 'jorgehernandez@example.com'),
    (87, '321098765', 'Valentina', 'Díaz', 'Avenida 34 #56-78', 'Cúcuta', '3103210987', 'valentinadiaz@example.com'),
    (88, '210987654', 'Felipe', 'Fernández', 'Diagonal 56 #78-90', 'Cúcuta', '3202109876', 'felipefernandez@example.com'),
    (89, '109876543', 'Santiago', 'Castro', 'Transversal 78 #90-12', 'Cúcuta', '3141098765', 'santiagocastro@example.com'),
    (90, '098765432', 'Laura', 'Ortega', 'Carrera 67 #89-10', 'Cúcuta', '3180987654', 'lauraortega@example.com'),
	(91, '987654321', 'Pedro', 'Gómez', 'Calle 23 #45-67', 'Popayán', '3159876543', 'pedrogomez@example.com'),
	(92, '876543210', 'Luisa', 'Martínez', 'Avenida 56 #78-90', 'Popayán', '3108765432', 'luisamartinez@example.com'),
	(93, '765432109', 'Carlos', 'López', 'Diagonal 78 #90-12', 'Popayán', '3207654321', 'carloslopez@example.com'),
	(94, '654321098', 'Mariana', 'Ramírez', 'Transversal 12 #34-56', 'Popayán', '3146543210', 'marianaramirez@example.com'),
	(95, '543210987', 'Andrea', 'Gutiérrez', 'Carrera 56 #78-90', 'Popayán', '3185432109', 'andreagutierrez@example.com'),
	(96, '432109876', 'Pedro', 'Gómez', 'Calle 23 #45-67', 'Neiva', '3184321098', 'pedrogomez@example.com'),
	(97, '321098765', 'Luisa', 'Martínez', 'Avenida 56 #78-90', 'Neiva', '3153210987', 'luisamartinez@example.com'),
	(98, '210987654', 'Carlos', 'López', 'Diagonal 78 #90-12', 'Neiva', '3102109876', 'carloslopez@example.com'),
	(99, '109876543', 'Mariana', 'Ramírez', 'Transversal 12 #34-56', 'Neiva', '3201098765', 'marianarami@example.com'),
	(100, '098765432', 'Andrea', 'Gutiérrez', 'Carrera 56 #78-90', 'Neiva', '3140987654', 'andreagutierrez@example.com');


INSERT INTO vehiculo1 (id_vehiculo, tipo_vehiculo, placa, referencia, modelo, puertas, estado, capacidad, sunroof, motor, color)
VALUES
(1, 'Camioneta', 'ABC123', 'Toyota Hilux 4x4', 2023, 4, 'Disponible', 5, FALSE, 'Diesel 3.0L', 'Blanco'),
(2, 'Camioneta', 'XYZ456', 'Ford Ranger XLT', 2022, 4, 'Disponible', 5, FALSE, 'Gasolina 2.5L', 'Negro'),
(3, 'Camioneta', 'DEF789', 'Chevrolet D-Max', 2023, 4, 'Disponible', 5, TRUE, 'Diesel 2.8L', 'Gris'),
(4, 'Camioneta', 'GHI012', 'Nissan Frontier', 2022, 4, 'Disponible', 5, FALSE, 'Diesel 2.3L', 'Azul'),
(5, 'Camioneta', 'JKL345', 'Mitsubishi L200', 2023, 4, 'Disponible', 5, FALSE, 'Diesel 2.4L', 'Plata'),
(6, 'Camioneta', 'MNO678', 'Isuzu D-Max', 2022, 4, 'Disponible', 5, TRUE, 'Diesel 3.0L', 'Rojo'),
(7, 'Camioneta', 'PQR901', 'Volkswagen Amarok', 2023, 4, 'Disponible', 5, FALSE, 'Diesel 3.0L', 'Blanco'),
(8, 'Camioneta', 'STU234', 'Fiat Toro', 2022, 4, 'Disponible', 5, TRUE, 'Gasolina 1.8L', 'Negro'),
(9, 'Camioneta', 'VWX567', 'Honda Ridgeline', 2023, 4, 'Disponible', 5, FALSE, 'Gasolina 3.5L', 'Blanco'),
(10, 'Camioneta', 'YZA890', 'Chevrolet Colorado', 2022, 4, 'Disponible', 5, TRUE, 'Diesel 2.8L', 'Gris'),
(11, 'Camioneta', 'BCD123', 'Ford F-150', 2023, 4, 'Disponible', 5, FALSE, 'Gasolina 5.0L', 'Azul'),
(12, 'Camioneta', 'CDE456', 'Toyota Land Cruiser', 2022, 4, 'Disponible', 5, TRUE, 'Diesel 4.5L', 'Blanco'),
(13, 'Camioneta', 'EFG789', 'Nissan Patrol', 2023, 4, 'Disponible', 5, FALSE, 'Gasolina 5.6L', 'Gris'),
(14, 'Camioneta', 'FGH012', 'Mazda BT-50', 2022, 4, 'Disponible', 5, TRUE, 'Diesel 3.2L', 'Rojo'),
(15, 'Camioneta', 'GHI345', 'Jeep Gladiator', 2023, 4, 'Disponible', 5, FALSE, 'Gasolina 3.6L', 'Negro'),
(16, 'Camioneta', 'HIJ678', 'Renault Alaskan', 2022, 4, 'Disponible', 5, TRUE, 'Diésel 2.3L', 'Blanco'),
(17, 'Camioneta', 'IJK901', 'Mercedes-Benz X-Class', 2023, 4, 'Disponible', 5, FALSE, 'Diésel 2.3L', 'Azul'),
(18, 'Camioneta', 'JKL234', 'Great Wall Wingle', 2022, 4, 'Disponible', 5, TRUE, 'Gasolina 2.4L', 'Gris'),
(19, 'Camioneta', 'KLM567', 'Volkswagen Saveiro', 2023, 4, 'Disponible', 5, FALSE, 'Gasolina 1.6L', 'Blanco'),
(20, 'Camioneta', 'LMN890', 'Isuzu S-Cab', 2022, 4, 'Disponible', 5, TRUE, 'Diésel 2.5L', 'Rojo'),
(21, 'Camioneta', 'MNO123', 'SsangYong Musso', 2023, 4, 'Disponible', 5, FALSE, 'Diésel 2.2L', 'Negro'),
(22, 'Camioneta', 'NOP456', 'Foton Tunland', 2022, 4, 'Disponible', 5, TRUE, 'Diésel 2.8L', 'Azul'),
(23, 'Camioneta', 'OPQ789', 'RAM 1500', 2023, 4, 'Disponible', 5, FALSE, 'Gasolina 5.7L', 'Gris'),
(24, 'Camioneta', 'PQR012', 'JAC T6', 2022, 4, 'Disponible', 5, TRUE, 'Gasolina 2.0L', 'Blanco'),
(25, 'Camioneta', 'QRS345', 'Dodge Ram 2500', 2023, 4, 'Disponible', 5, FALSE, 'Diésel 6.7L', 'Negro'),
(26, 'Camioneta', 'RST678', 'GMC Canyon', 2022, 4, 'Disponible', 5, TRUE, 'Gasolina 3.6L', 'Rojo'),
(27, 'Camioneta', 'STU901', 'Hummer H3', 2023, 4, 'Disponible', 5, FALSE, 'Gasolina 3.7L', 'Azul'),
(28, 'Camioneta', 'TUV234', 'Land Rover Defender', 2022, 4, 'Disponible', 5, TRUE, 'Diésel 3.0L', 'Gris'),
(29, 'Camioneta', 'UVW567', 'Mitsubishi Triton', 2023, 4, 'Disponible', 5, FALSE, 'Diésel 2.4L', 'Blanco'),
(30, 'Camioneta', 'VWX890', 'Chevrolet Silverado', 2022, 4, 'Disponible', 5, TRUE, 'Gasolina 6.2L', 'Rojo'),
(31, 'Deportivo', 'WXY123', 'Porsche 911 Carrera', 2024, 2, 'Disponible', 2, TRUE, 'Gasolina 3.0L', 'Rojo'),
(32, 'Deportivo', 'XYZ456', 'BMW M4 Competition', 2023, 2, 'Disponible', 2, TRUE, 'Gasolina 3.0L', 'Azul'),
(33, 'Deportivo', 'YZA789', 'Audi R8 V10', 2023, 2, 'Disponible', 2, TRUE, 'Gasolina 5.2L', 'Blanco'),
(34, 'Deportivo', 'ZAB012', 'Chevrolet Corvette Stingray', 2022, 2, 'Disponible', 2, TRUE, 'Gasolina 6.2L', 'Negro'),
(35, 'Deportivo', 'ABC345', 'Ford Mustang GT', 2022, 2, 'Disponible', 2, TRUE, 'Gasolina 5.0L', 'Gris'),
(36, 'Deportivo', 'BCD678', 'Nissan GT-R', 2023, 2, 'Disponible', 2, TRUE, 'Gasolina 3.8L', 'Plateado'),
(37, 'Deportivo', 'CDE901', 'Toyota Supra', 2022, 2, 'Disponible', 2, TRUE, 'Gasolina 3.0L', 'Azul'),
(38, 'Deportivo', 'DEF234', 'Mercedes-Benz AMG GT', 2023, 2, 'Disponible', 2, TRUE, 'Gasolina 4.0L', 'Blanco'),
(39, 'Deportivo', 'EFG567', 'Lamborghini Huracan', 2022, 2, 'Disponible', 2, TRUE, 'Gasolina 5.2L', 'Amarillo'),
(40, 'Deportivo', 'FGH890', 'Ferrari 488 GTB', 2023, 2, 'Disponible', 2, TRUE, 'Gasolina 3.9L', 'Rojo'),
(41, 'Deportivo', 'GHI123', 'McLaren 720S', 2022, 2, 'Disponible', 2, TRUE, 'Gasolina 4.0L', 'Naranja'),
(42, 'Deportivo', 'HIJ456', 'BMW i8', 2023, 2, 'Disponible', 2, TRUE, 'Híbrido 1.5L', 'Blanco'),
(43, 'Deportivo', 'IJK789', 'Aston Martin Vantage', 2022, 2, 'Disponible', 2, TRUE, 'Gasolina 4.0L', 'Verde'),
(44, 'Deportivo', 'JKL012', 'Maserati GranTurismo', 2023, 2, 'Disponible', 2, TRUE, 'Gasolina 4.7L', 'Negro'),
(45, 'Deportivo', 'KLM345', 'Lotus Evora', 2022, 2, 'Disponible', 2, TRUE, 'Gasolina 3.5L', 'Azul'),
(46, 'Deportivo', 'LMN678', 'Bugatti Chiron', 2023, 2, 'Disponible', 2, TRUE, 'Gasolina 8.0L', 'Blanco'),
(47, 'Deportivo', 'MNO901', 'Koenigsegg Agera RS', 2022, 2, 'Disponible', 2, TRUE, 'Gasolina 5.0L', 'Gris'),
(48, 'Deportivo', 'NOP234', 'Pagani Huayra', 2023, 2, 'Disponible', 2, TRUE, 'Gasolina 6.0L', 'Rojo'),
(49, 'Deportivo', 'OPQ567', 'Ferrari LaFerrari', 2022, 2, 'Disponible', 2, TRUE, 'Híbrido 6.3L', 'Negro'),
(50, 'Deportivo', 'PQR890', 'Tesla Roadster', 2023, 2, 'Disponible', 2, TRUE, 'Eléctrico', 'Blanco'),
(51, 'Familiar', 'QRS123', 'Honda CR-V', 2022, 4, 'Disponible', 5, TRUE, 'Gasolina 1.5L', 'Plateado'),
(52, 'Familiar', 'RST456', 'Toyota RAV4', 2023, 4, 'Disponible', 5, TRUE, 'Híbrido 2.5L', 'Blanco'),
(53, 'Familiar', 'STU789', 'Nissan X-Trail', 2023, 4, 'Disponible', 5, TRUE, 'Gasolina 2.5L', 'Gris'),
(54, 'Familiar', 'TUV012', 'Kia Sportage', 2022, 4, 'Disponible', 5, TRUE, 'Gasolina 2.0L', 'Negro'),
(55, 'Familiar', 'UVW345', 'Hyundai Tucson', 2022, 4, 'Disponible', 5, TRUE, 'Gasolina 2.4L', 'Rojo'),
(56, 'Familiar', 'VWX678', 'Mazda CX-5', 2023, 4, 'Disponible', 5, TRUE, 'Gasolina 2.5L', 'Azul'),
(57, 'Familiar', 'WXY901', 'Subaru Forester', 2023, 4, 'Disponible', 5, TRUE, 'Gasolina 2.5L', 'Verde'),
(58, 'Familiar', 'XYZ234', 'Volkswagen Tiguan', 2022, 4, 'Disponible', 5, TRUE, 'Gasolina 2.0L', 'Blanco'),
(59, 'Familiar', 'YZA567', 'Ford Escape', 2023, 4, 'Disponible', 5, TRUE, 'Híbrido 2.5L', 'Gris'),
(60, 'Familiar', 'ZAB890', 'Chevrolet Equinox', 2022, 4, 'Disponible', 5, TRUE, 'Gasolina 1.5L', 'Azul'),
(61, 'Familiar', 'ABC123', 'Renault Kadjar', 2023, 4, 'Disponible', 5, TRUE, 'Diésel 1.5L', 'Blanco'),
(62, 'Familiar', 'BCD456', 'Volvo XC60', 2022, 4, 'Disponible', 5, TRUE, 'Gasolina 2.0L', 'Negro'),
(63, 'Familiar', 'CDE789', 'Audi Q5', 2023, 4, 'Disponible', 5, TRUE, 'Gasolina 2.0L', 'Gris'),
(64, 'Familiar', 'DEF012', 'Mercedes-Benz GLC', 2022, 4, 'Disponible', 5, TRUE, 'Gasolina 2.0L', 'Rojo'),
(65, 'Familiar', 'EFG345', 'BMW X3', 2023, 4, 'Disponible', 5, TRUE, 'Gasolina 2.0L', 'Azul'),
(66, 'Familiar', 'FGH678', 'Porsche Macan', 2022, 4, 'Disponible', 5, TRUE, 'Gasolina 2.0L', 'Blanco'),
(67, 'Familiar', 'GHI901', 'Lexus RX', 2023, 4, 'Disponible', 5, TRUE, 'Híbrido 3.5L', 'Negro'),
(68, 'Familiar', 'HIJ234', 'Jaguar F-Pace', 2022, 4, 'Disponible', 5, TRUE, 'Gasolina 2.0L', 'Gris'),
(69, 'Familiar', 'IJK567', 'Land Rover Discovery', 2023, 4, 'Disponible', 5, TRUE, 'Diésel 3.0L', 'Verde'),
(70, 'Familiar', 'JKL890', 'Tesla Model Y', 2022, 4, 'Disponible', 5, TRUE, 'Eléctrico', 'Blanco'),
(71, 'Carga', 'KLM123', 'Renault Kangoo', 2022, 4, 'Disponible', 2, FALSE, 'Diésel 1.5L', 'Blanco'),
(72, 'Carga', 'LMN456', 'Fiat Fiorino', 2023, 4, 'Disponible', 2, FALSE, 'Gasolina 1.4L', 'Rojo'),
(73, 'Carga', 'MNO789', 'Peugeot Partner', 2022, 4, 'Disponible', 2, FALSE, 'Diésel 1.6L', 'Blanco'),
(74, 'Carga', 'NOP012', 'Volkswagen Caddy', 2023, 4, 'Disponible', 2, FALSE, 'Diésel 2.0L', 'Azul'),
(75, 'Carga', 'OPQ345', 'Citroën Berlingo', 2022, 4, 'Disponible', 2, FALSE, 'Diésel 1.6L', 'Gris'),
(76, 'Carga', 'PQR678', 'Mercedes-Benz Vito', 2023, 4, 'Disponible', 2, FALSE, 'Diésel 2.0L', 'Negro'),
(77, 'Carga', 'QRS901', 'Ford Transit Connect', 2022, 4, 'Disponible', 2, FALSE, 'Gasolina 2.0L', 'Blanco'),
(78, 'Carga', 'RST234', 'Chevrolet N300', 2023, 4, 'Disponible', 2, FALSE, 'Gasolina 1.2L', 'Rojo'),
(79, 'Carga', 'STU567', 'Toyota Proace City', 2022, 4, 'Disponible', 2, FALSE, 'Diésel 1.5L', 'Blanco'),
(80, 'Carga', 'TUV890', 'Nissan NV200', 2023, 4, 'Disponible', 2, FALSE, 'Gasolina 2.0L', 'Gris'),
(81, 'Carga', 'UVW123', 'Renault Master', 2022, 4, 'Disponible', 2, FALSE, 'Diésel 2.3L', 'Blanco'),
(82, 'Carga', 'VWX456', 'Fiat Doblo', 2023, 4, 'Disponible', 2, FALSE, 'Gasolina 1.4L', 'Rojo'),
(83, 'Carga', 'WXY789', 'Volkswagen Transporter', 2022, 4, 'Disponible', 2, FALSE, 'Diésel 2.0L', 'Azul'),
(84, 'Carga', 'XYZ012', 'Citroën Jumpy', 2023, 4, 'Disponible', 2, FALSE, 'Diésel 2.0L', 'Gris'),
(85, 'Carga', 'YZA345', 'Opel Combo', 2022, 4, 'Disponible', 2, FALSE, 'Diésel 1.6L', 'Blanco'),
(86, 'Carga', 'ZAB678', 'Peugeot Boxer', 2023, 4, 'Disponible', 2, FALSE, 'Diésel 2.2L', 'Negro'),
(87, 'Carga', 'ABC901', 'Mercedes-Benz Sprinter', 2022, 4, 'Disponible', 2, FALSE, 'Diésel 2.1L', 'Rojo'),
(88, 'Carga', 'BCD234', 'Ford Transit', 2023, 4, 'Disponible', 2, FALSE, 'Diésel 2.0L', 'Blanco'),
(89, 'Carga', 'CDE567', 'Iveco Daily', 2022, 4, 'Disponible', 2, FALSE, 'Diésel 3.0L', 'Gris'),
(90, 'Carga', 'DEF890', 'Renault Trafic', 2023, 4, 'Disponible', 2, FALSE, 'Diésel 2.0L', 'Azul'),
(91, 'Camioneta', 'EFG567', 'Toyota Land Cruiser', 2023, 4, 'Disponible', 5, TRUE, 'Diesel 4.5L', 'Blanco'),
(92, 'Deportivo', 'IJK678', 'McLaren 720S', 2023, 2, 'Disponible', 2, TRUE, 'Gasolina 4.0L', 'Naranja'),
(93, 'Familiar', 'RST901', 'Audi Q5', 2022, 4, 'Disponible', 5, TRUE, 'Gasolina 2.0L', 'Negro'),
(94, 'Carga', 'UVW234', 'Renault Master', 2023, 4, 'Disponible', 2, FALSE, 'Diésel 2.3L', 'Blanco'),
(95, 'Camioneta', 'XYZ678', 'Ford F-150', 2022, 4, 'Disponible', 5, FALSE, 'Gasolina 5.0L', 'Azul'),
(96, 'Deportivo', 'LMN901', 'Porsche Cayman', 2022, 2, 'Disponible', 2, TRUE, 'Gasolina 2.0L', 'Plata'),
(97, 'Familiar', 'OPQ234', 'Hyundai Santa Fe', 2023, 4, 'Disponible', 5, TRUE, 'Gasolina 2.5L', 'Blanco'),
(98, 'Carga', 'XYZ012', 'Fiat Doblo', 2022, 4, 'Disponible', 2, FALSE, 'Gasolina 1.4L', 'Rojo'),
(99, 'Camioneta', 'STU678', 'Chevrolet S10', 2023, 4, 'Disponible', 5, FALSE, 'Diesel 2.8L', 'Gris'),
(100, 'Deportivo', 'HIJ234', 'BMW i8', 2022, 2, 'Disponible', 2, TRUE, 'Híbrido 1.5L', 'Blanco');

INSERT INTO alquiler (id_alquiler, fecha_salida, fecha_llegada, fecha_esperada_llegada, valor_semana, valor_dia, porcentaje_descuento, valor_cotizado, valor_pagado, id_vehiculo, id_cliente, id_empleado, id_sucursal_salida, id_sucursal_llegada)
VALUES 
(1, '2024-06-01', '2024-06-10', '2024-06-11', 300.00, 50.00, NULL, 450.00, 450.00, 1, 1, 1, 1, 2),
(2, '2024-06-05', '2024-06-12', '2024-06-14', 250.00, 45.00, 10.00, 330.00, 297.00, 2, 2, 2, 2, 3),
(3, '2024-06-10', '2024-06-17', '2024-06-19', 350.00, 60.00, 15.00, 455.00, 386.75, 3, 3, 3, 1, 4),
(4, '2024-06-15', '2024-06-23', '2024-06-25', 280.00, 55.00, NULL, 450.00, 450.00, 4, 4, 4, 3, 5),
(5, '2024-06-20', '2024-06-27', '2024-06-30', 400.00, 70.00, 20.00, 560.00, 504.00, 5, 5, 5, 2, 1),
(6, '2024-06-25', '2024-07-03', '2024-07-05', 320.00, 60.00, NULL, 500.00, 500.00, 6, 6, 6, 4, 3),
(7, '2024-06-02', '2024-06-08', '2024-06-10', 260.00, 50.00, 10.00, 360.00, 324.00, 7, 7, 7, 1, 5),
(8, '2024-06-07', '2024-06-14', '2024-06-16', 380.00, 70.00, 15.00, 520.00, 442.00, 8, 8, 8, 3, 2),
(9, '2024-06-12', '2024-06-20', '2024-06-22', 300.00, 55.00, NULL, 470.00, 470.00, 9, 9, 9, 5, 4),
(10, '2024-06-17', '2024-06-24', '2024-06-27', 420.00, 65.00, 20.00, 630.00, 567.00, 10, 10, 10, 2, 1),
(11, '2024-06-03', '2024-06-11', '2024-06-14', 340.00, 60.00, NULL, 480.00, 480.00, 11, 11, 11, 4, 3),
(12, '2024-06-08', '2024-06-15', '2024-06-17', 290.00, 50.00, 10.00, 390.00, 351.00, 12, 12, 12, 1, 5),
(13, '2024-06-13', '2024-06-21', '2024-06-23', 380.00, 65.00, 15.00, 540.00, 459.00, 13, 13, 13, 3, 2),
(14, '2024-06-18', '2024-06-26', '2024-06-29', 310.00, 55.00, NULL, 480.00, 480.00, 14, 14, 14, 5, 4),
(15, '2024-06-23', '2024-06-30', '2024-07-03', 430.00, 70.00, 20.00, 610.00, 549.00, 15, 15, 15, 2, 1),
(16, '2024-06-04', '2024-06-12', '2024-06-15', 360.00, 65.00, NULL, 520.00, 520.00, 16, 16, 16, 4, 3),
(17, '2024-06-09', '2024-06-16', '2024-06-18', 300.00, 55.00, 10.00, 410.00, 369.00, 17, 17, 17, 1, 5),
(18, '2024-06-14', '2024-06-22', '2024-06-25', 390.00, 70.00, 15.00, 570.00, 484.50, 18, 18, 18, 3, 2),
(19, '2024-06-19', '2024-06-27', '2024-06-30', 320.00, 60.00, NULL, 500.00, 500.00, 19, 19, 19, 5, 4),
(20, '2024-06-24', '2024-07-01', '2024-07-04', 440.00, 75.00, 20.00, 640.00, 576.00, 20, 20, 20, 2, 1),
(21, '2024-06-05', '2024-06-13', '2024-06-16', 380.00, 70.00, NULL, 540.00, 540.00, 21, 21, 21, 4, 3),
(22, '2024-06-10', '2024-06-17', '2024-06-19', 310.00, 60.00, 10.00, 420.00, 378.00, 22, 22, 22, 1, 5),
(23, '2024-06-15', '2024-06-23', '2024-06-26', 400.00, 65.00, 15.00, 590.00, 501.50, 23, 23, 23, 3, 2),
(24, '2024-06-20', '2024-06-28', '2024-07-01', 340.00, 55.00, NULL, 520.00, 520.00, 24, 24, 24, 5, 4),
(25, '2024-06-25', '2024-07-02', '2024-07-05', 460.00, 80.00, 20.00, 680.00, 612.00, 25, 25, 25, 2, 1),
(26, '2024-06-06', '2024-06-14', '2024-06-17', 400.00, 65.00, NULL, 600.00, 600.00, 26, 26, 26, 4, 3),
(27, '2024-06-11', '2024-06-18', '2024-06-20', 320.00, 60.00, 10.00, 440.00, 396.00, 27, 27, 27, 1, 5),
(28, '2024-06-16', '2024-06-24', '2024-06-27', 410.00, 70.00, 15.00, 590.00, 501.50, 28, 28, 28, 3, 2),
(29, '2024-06-21', '2024-06-29', '2024-07-02', 350.00, 55.00, NULL, 530.00, 530.00, 29, 29, 29, 5, 4),
(30, '2024-06-26', '2024-07-03', '2024-07-06', 480.00, 85.00, 20.00, 720.00, 648.00, 30, 30, 30, 2, 1),
(31, '2024-06-01', '2024-06-08', '2024-06-11', 360.00, 60.00, NULL, 480.00, 480.00, 31, 31, 31, 4, 3),
(32, '2024-06-06', '2024-06-13', '2024-06-15', 300.00, 55.00, 10.00, 410.00, 369.00, 32, 32, 32, 1, 5),
(33, '2024-06-11', '2024-06-19', '2024-06-22', 410.00, 70.00, 15.00, 600.00, 510.00, 33, 33, 33, 3, 2),
(34, '2024-06-16', '2024-06-24', '2024-06-27', 350.00, 60.00, NULL, 530.00, 530.00, 34, 34, 34, 5, 4),
(35, '2024-06-21', '2024-06-28', '2024-07-01', 480.00, 75.00, 20.00, 680.00, 544.00, 35, 35, 35, 2, 1),
(36, '2024-06-02', '2024-06-09', '2024-06-12', 380.00, 65.00, NULL, 540.00, 540.00, 36, 36, 36, 4, 3),
(37, '2024-06-07', '2024-06-15', '2024-06-18', 310.00, 55.00, 10.00, 420.00, 378.00, 37, 37, 37, 1, 5),
(38, '2024-06-12', '2024-06-20', '2024-06-23', 420.00, 70.00, 15.00, 610.00, 518.50, 38, 38, 38, 3, 2),
(39, '2024-06-17', '2024-06-25', '2024-06-28', 360.00, 60.00, NULL, 540.00, 540.00, 39, 39, 39, 5, 4),
(40, '2024-06-22', '2024-06-29', '2024-07-02', 490.00, 80.00, 20.00, 700.00, 560.00, 40, 40, 40, 2, 1),
(41, '2024-06-03', '2024-06-10', '2024-06-13', 400.00, 70.00, NULL, 580.00, 580.00, 41, 41, 41, 4, 3),
(42, '2024-06-08', '2024-06-16', '2024-06-19', 320.00, 60.00, 10.00, 440.00, 396.00, 42, 42, 42, 1, 5),
(43, '2024-06-13', '2024-06-21', '2024-06-24', 430.00, 75.00, 15.00, 630.00, 535.50, 43, 43, 43, 3, 2),
(44, '2024-06-18', '2024-06-26', '2024-06-29', 370.00, 65.00, NULL, 550.00, 550.00, 44, 44, 44, 5, 4),
(45, '2024-06-23', '2024-07-01', '2024-07-04', 500.00, 85.00, 20.00, 720.00, 576.00, 45, 45, 45, 2, 1),
(46, '2024-06-04', '2024-06-11', '2024-06-14', 420.00, 70.00, NULL, 600.00, 600.00, 46, 46, 46, 4, 3),
(47, '2024-06-09', '2024-06-17', '2024-06-20', 340.00, 60.00, 10.00, 460.00, 414.00, 47, 47, 47, 1, 5),
(48, '2024-06-14', '2024-06-22', '2024-06-25', 450.00, 80.00, 15.00, 660.00, 561.00, 48, 48, 48, 3, 2),
(49, '2024-06-19', '2024-06-27', '2024-06-30', 380.00, 65.00, NULL, 570.00, 570.00, 49, 49, 49, 5, 4),
(50, '2024-06-24', '2024-07-02', '2024-07-05', 510.00, 90.00, 20.00, 740.00, 666.00, 50, 50, 50, 2, 1),
(51, '2024-06-05', '2024-06-12', '2024-06-15', 440.00, 75.00, NULL, 640.00, 640.00, 51, 51, 51, 4, 3),
(52, '2024-06-10', '2024-06-18', '2024-06-21', 360.00, 65.00, 10.00, 490.00, 441.00, 52, 52, 52, 1, 5),
(53, '2024-06-15', '2024-06-23', '2024-06-26', 480.00, 85.00, 15.00, 700.00, 595.00, 53, 53, 53, 3, 2),
(54, '2024-06-20', '2024-06-28', '2024-07-01', 400.00, 70.00, NULL, 600.00, 600.00, 54, 54, 54, 5, 4),
(55, '2024-06-25', '2024-07-03', '2024-07-06', 530.00, 95.00, 20.00, 780.00, 702.00, 55, 55, 55, 2, 1),
(56, '2024-06-06', '2024-06-13', '2024-06-16', 460.00, 80.00, NULL, 680.00, 680.00, 56, 56, 56, 4, 3),
(57, '2024-06-11', '2024-06-19', '2024-06-22', 380.00, 70.00, 10.00, 530.00, 477.00, 57, 57, 57, 1, 5),
(58, '2024-06-16', '2024-06-24', '2024-06-27', 490.00, 85.00, 15.00, 720.00, 612.00, 58, 58, 58, 3, 2),
(59, '2024-06-21', '2024-06-29', '2024-07-02', 420.00, 75.00, NULL, 620.00, 620.00, 59, 59, 59, 5, 4),
(60, '2024-06-26', '2024-07-04', '2024-07-07', 550.00, 100.00, 20.00, 800.00, 720.00, 60, 60, 60, 2, 1),
(61, '2024-06-07', '2024-06-14', '2024-06-17', 480.00, 85.00, NULL, 700.00, 700.00, 61, 61, 61, 4, 3),
(62, '2024-06-12', '2024-06-20', '2024-06-23', 400.00, 70.00, 10.00, 560.00, 504.00, 62, 62, 62, 1, 5),
(63, '2024-06-17', '2024-06-25', '2024-06-28', 510.00, 90.00, 15.00, 750.00, 637.50, 63, 63, 63, 3, 2),
(64, '2024-06-22', '2024-06-30', '2024-07-03', 440.00, 80.00, NULL, 660.00, 660.00, 64, 64, 64, 5, 4),
(65, '2024-06-27', '2024-07-05', '2024-07-08', 570.00, 105.00, 20.00, 840.00, 756.00, 65, 65, 65, 2, 1),
(66, '2024-06-08', '2024-06-15', '2024-06-18', 500.00, 90.00, NULL, 740.00, 740.00, 66, 66, 66, 4, 3),
(67, '2024-06-13', '2024-06-21', '2024-06-24', 420.00, 75.00, 10.00, 610.00, 549.00, 67, 67, 67, 1, 5),
(68, '2024-06-18', '2024-06-26', '2024-06-29', 530.00, 95.00, 15.00, 780.00, 663.00, 68, 68, 68, 3, 2),
(69, '2024-06-23', '2024-07-01', '2024-07-04', 450.00, 80.00, NULL, 670.00, 670.00, 69, 69, 69, 5, 4),
(70, '2024-06-28', '2024-07-06', '2024-07-09', 590.00, 110.00, 20.00, 860.00, 774.00, 70, 70, 70, 2, 1),
(71, '2024-06-09', '2024-06-16', '2024-06-19', 520.00, 95.00, NULL, 780.00, 780.00, 71, 71, 71, 4, 3),
(72, '2024-06-14', '2024-06-22', '2024-06-25', 440.00, 80.00, 10.00, 630.00, 567.00, 72, 72, 72, 1, 5),
(73, '2024-06-19', '2024-06-27', '2024-06-30', 550.00, 100.00, 15.00, 810.00, 688.50, 73, 73, 73, 3, 2),
(74, '2024-06-24', '2024-07-02', '2024-07-05', 470.00, 85.00, NULL, 690.00, 690.00, 74, 74, 74, 5, 4),
(75, '2024-06-29', '2024-07-07', '2024-07-10', 610.00, 115.00, 20.00, 900.00, 810.00, 75, 75, 75, 2, 1),
(76, '2024-06-10', '2024-06-17', '2024-06-20', 540.00, 100.00, NULL, 800.00, 800.00, 76, 76, 76, 4, 3),
(77, '2024-06-15', '2024-06-23', '2024-06-26', 460.00, 85.00, 10.00, 660.00, 594.00, 77, 77, 77, 1, 5),
(78, '2024-06-20', '2024-06-28', '2024-07-01', 570.00, 105.00, 15.00, 840.00, 714.00, 78, 78, 78, 3, 2),
(79, '2024-06-25', '2024-07-03', '2024-07-06', 490.00, 90.00, NULL, 740.00, 740.00, 79, 79, 79, 5, 4),
(80, '2024-06-30', '2024-07-08', '2024-07-11', 630.00, 120.00, 20.00, 920.00, 828.00, 80, 80, 80, 2, 1),
(81, '2024-06-11', '2024-06-18', '2024-06-21', 560.00, 105.00, NULL, 840.00, 840.00, 81, 81, 81, 4, 3),
(82, '2024-06-16', '2024-06-24', '2024-06-27', 480.00, 90.00, 10.00, 690.00, 621.00, 82, 82, 82, 1, 5),
(83, '2024-06-21', '2024-06-29', '2024-07-02', 590.00, 110.00, 15.00, 870.00, 739.50, 83, 83, 83, 3, 2),
(84, '2024-06-26', '2024-07-04', '2024-07-07', 510.00, 95.00, NULL, 770.00, 770.00, 84, 84, 84, 5, 4),
(85, '2024-07-01', '2024-07-09', '2024-07-12', 650.00, 125.00, 20.00, 960.00, 864.00, 85, 85, 85, 2, 1),
(86, '2024-06-12', '2024-06-19', '2024-06-22', 580.00, 110.00, NULL, 880.00, 880.00, 86, 86, 86, 4, 3),
(87, '2024-06-17', '2024-06-25', '2024-06-28', 500.00, 95.00, 10.00, 720.00, 648.00, 87, 87, 87, 1, 5),
(88, '2024-06-22', '2024-06-30', '2024-07-03', 610.00, 115.00, 15.00, 900.00, 765.00, 88, 88, 88, 3, 2),
(89, '2024-06-27', '2024-07-05', '2024-07-08', 530.00, 100.00, NULL, 800.00, 800.00, 89, 89, 89, 5, 4),
(90, '2024-07-02', '2024-07-10', '2024-07-13', 670.00, 130.00, 20.00, 980.00, 882.00, 90, 90, 90, 2, 1),
(91, '2024-06-13', '2024-06-20', '2024-06-23', 600.00, 115.00, NULL, 920.00, 920.00, 91, 91, 91, 4, 3),
(92, '2024-06-18', '2024-06-26', '2024-06-29', 520.00, 100.00, 10.00, 750.00, 675.00, 92, 92, 92, 1, 5),
(93, '2024-06-23', '2024-07-01', '2024-07-04', 630.00, 120.00, 15.00, 930.00, 790.50, 93, 93, 93, 3, 2),
(94, '2024-06-28', '2024-07-06', '2024-07-09', 550.00, 105.00, NULL, 830.00, 830.00, 94, 94, 94, 5, 4),
(95, '2024-07-03', '2024-07-11', '2024-07-14', 690.00, 135.00, 20.00, 1020.00, 918.00, 95, 95, 95, 2, 1),
(96, '2024-06-14', '2024-06-21', '2024-06-24', 620.00, 120.00, NULL, 960.00, 960.00, 96, 96, 96, 4, 3),
(97, '2024-06-19', '2024-06-27', '2024-06-30', 540.00, 105.00, 10.00, 780.00, 702.00, 97, 97, 97, 1, 5),
(98, '2024-06-24', '2024-07-02', '2024-07-05', 650.00, 125.00, 15.00, 960.00, 816.00, 98, 98, 98, 3, 2),
(99, '2024-06-29', '2024-07-07', '2024-07-10', 570.00, 110.00, NULL, 860.00, 860.00, 99, 99, 99, 5, 4),
(100, '2024-07-04', '2024-07-12', '2024-07-15', 710.00, 140.00, 20.00, 1060.00, 954.00, 100, 100, 100, 2, 1);